1380/07/01,102
1380/07/02,119
1380/07/03,128
1380/07/04,158
1380/07/05,98
1380/07/06,130
1380/07/07,118
1380/07/08,157
1380/07/09,100
1380/07/10,113
1380/07/11,92
1380/07/12,120
1380/07/13,130
1380/07/14,143
1380/07/15,157
1380/07/16,160
1380/07/17,121
1380/07/18,114
1380/07/19,102
1380/07/20,110
1380/07/21,166
1380/07/22,170
1380/07/23,142
1380/07/24,165
1380/07/25,131
1380/07/26,100
1380/07/27,96
1380/07/28,84
1380/07/29,125
1380/07/30,157
1380/08/01,97
1380/08/02,132
1380/08/03,120
1380/08/04,86
1380/08/05,119
1380/08/06,116
1380/08/07,103
1380/08/08,150
1380/08/09,175
1380/08/10,97
1380/08/11,120
1380/08/12,149
1380/08/13,184
1380/08/14,208
1380/08/15,221
1380/08/16,167
1380/08/17,110
1380/08/18,127
1380/08/19,176
1380/08/20,168
1380/08/21,78
1380/08/22,68
1380/08/23,90
1380/08/24,130
1380/08/25,150
1380/08/26,139
1380/08/27,58
1380/08/28,42
1380/08/29,73
1380/08/30,113
1380/09/01,120
1380/09/02,100
1380/09/03,93
1380/09/04,82
1380/09/05,135
1380/09/06,89
1380/09/07,130
1380/09/08,65
1380/09/09,54
1380/09/10,53
1380/09/11,86
1380/09/12,74
1380/09/13,62
1380/09/14,61
1380/09/15,100
1380/09/16,101
1380/09/17,81
1380/09/18,129
1380/09/19,97
1380/09/20,91
1380/09/21,71
1380/09/22,87
1380/09/23,87
1380/09/24,58
1380/09/25,70
1380/09/26,61
1380/09/27,113
1380/09/28,127
1380/09/29,118
1380/09/30,90
1380/10/01,78
1380/10/02,102
1380/10/03,117
1380/10/04,143
1380/10/05,122
1380/10/06,142
1380/10/07,160
1380/10/08,117
1380/10/09,136
1380/10/10,112
1380/10/11,69
1380/10/12,95
1380/10/13,95
1380/10/14,89
1380/10/15,72
1380/10/16,97
1380/10/17,80
1380/10/18,71
1380/10/19,67
1380/10/20,61
1380/10/21,90
1380/10/22,60
1380/10/23,87
1380/10/24,72
1380/10/25,161
1380/10/26,118
1380/10/27,100
1380/10/28,80
1380/10/29,60
1380/10/30,85
1380/11/01,84
1380/11/02,82
1380/11/03,70
1380/11/04,53
1380/11/05,60
1380/11/06,81
1380/11/07,96
1380/11/08,132
1380/11/09,72
1380/11/10,69
1380/11/11,75
1380/11/12,60
1380/11/13,69
1380/11/14,90
1380/11/15,63
1380/11/16,76
1380/11/17,101
1380/11/18,130
1380/11/19,134
1380/11/20,93
1380/11/21,111
1380/11/22,88
1380/11/23,74
1380/11/24,106
1380/11/25,70
1380/11/26,67
1380/11/27,70
1380/11/28,56
1380/11/29,59
1380/11/30,74
1380/12/01,75
1380/12/02,80
1380/12/03,100
1380/12/04,102
1380/12/05,45
1380/12/06,70
1380/12/07,58
1380/12/08,77
1380/12/09,73
1380/12/10,67
1380/12/11,115
1380/12/12,130
1380/12/13,118
1380/12/14,132
1380/12/15,64
1380/12/16,97
1380/12/17,98
1380/12/18,95
1380/12/19,90
1380/12/20,66
1380/12/21,102
1380/12/22,133
1380/12/23,135
1380/12/24,145
1380/12/25,71
1380/12/26,61
1380/12/27,70
1380/12/28,47
1380/12/29,94
1381/01/01,59
1381/01/02,43
1381/01/03,65
1381/01/04,50
1381/01/05,54
1381/01/06,63
1381/01/07,62
1381/01/08,41
1381/01/09,47
1381/01/10,38
1381/01/11,41
1381/01/12,70
1381/01/13,41
1381/01/14,51
1381/01/15,98
1381/01/16,89
1381/01/17,80
1381/01/18,88
1381/01/19,100
1381/01/20,77
1381/01/21,86
1381/01/22,74
1381/01/23,99
1381/01/24,81
1381/01/25,93
1381/01/26,72
1381/01/27,75
1381/01/28,75
1381/01/29,86
1381/01/30,87
1381/01/31,77
1381/02/01,71
1381/02/02,62
1381/02/03,54
1381/02/04,52
1381/02/05,128
1381/02/06,81
1381/02/07,64
1381/02/08,85
1381/02/09,109
1381/02/10,101
1381/02/11,88
1381/02/12,74
1381/02/13,129
1381/02/14,58
1381/02/15,83
1381/02/16,94
1381/02/17,79
1381/02/18,105
1381/02/19,98
1381/02/20,81
1381/02/21,61
1381/02/22,85
1381/02/23,97
1381/02/24,50
1381/02/25,66
1381/02/26,91
1381/02/27,82
1381/02/28,97
1381/02/29,116
1381/02/30,110
1381/02/31,68
1381/03/01,61
1381/03/02,136
1381/03/03,73
1381/03/04,73
1381/03/05,64
1381/03/06,63
1381/03/07,107
1381/03/08,143
1381/03/09,86
1381/03/10,118
1381/03/11,128
1381/03/12,79
1381/03/13,59
1381/03/14,115
1381/03/15,98
1381/03/16,75
1381/03/17,75
1381/03/18,81
1381/03/19,65
1381/03/20,115
1381/03/21,118
1381/03/22,96
1381/03/23,115
1381/03/24,85
1381/03/25,87
1381/03/26,100
1381/03/27,111
1381/03/28,90
1381/03/29,102
1381/03/30,91
1381/03/31,73
1381/04/01,73
1381/04/02,78
1381/04/03,89
1381/04/04,93
1381/04/05,101
1381/04/06,153
1381/04/07,150
1381/04/08,118
1381/04/09,125
1381/04/10,122
1381/04/11,115
1381/04/12,115
1381/04/13,117
1381/04/14,126
1381/04/15,130
1381/04/16,85
1381/04/17,86
1381/04/18,68
1381/04/19,80
1381/04/20,141
1381/04/21,153
1381/04/22,100
1381/04/23,113
1381/04/24,116
1381/04/25,135
1381/04/26,89
1381/04/27,150
1381/04/28,139
1381/04/29,111
1381/04/30,85
1381/04/31,88
1381/05/01,77
1381/05/02,84
1381/05/03,145
1381/05/04,89
1381/05/05,89
1381/05/06,73
1381/05/07,111
1381/05/08,70
1381/05/09,104
1381/05/10,80
1381/05/11,133
1381/05/12,61
1381/05/13,130
1381/05/14,139
1381/05/15,112
1381/05/16,125
1381/05/17,167
1381/05/18,157
1381/05/19,118
1381/05/20,134
1381/05/21,109
1381/05/22,78
1381/05/23,98
1381/05/24,132
1381/05/25,148
1381/05/26,118
1381/05/27,122
1381/05/28,124
1381/05/29,166
1381/05/30,118
1381/05/31,175
1381/06/01,182
1381/06/02,156
1381/06/03,102
1381/06/04,112
1381/06/05,114
1381/06/06,132
1381/06/07,150
1381/06/08,122
1381/06/09,114
1381/06/10,125
1381/06/11,155
1381/06/12,175
1381/06/13,171
1381/06/14,177
1381/06/15,163
1381/06/16,146
1381/06/17,175
1381/06/18,216
1381/06/19,134
1381/06/20,145
1381/06/21,126
1381/06/22,136
1381/06/23,119
1381/06/24,134
1381/06/25,149
1381/06/26,130
1381/06/27,134
1381/06/28,153
1381/06/29,115
1381/06/30,96
1381/06/31,78
1381/07/01,80
1381/07/02,134
1381/07/03,118
1381/07/04,79
1381/07/05,147
1381/07/06,116
1381/07/07,126
1381/07/08,97
1381/07/09,121
1381/07/10,128
1381/07/11,163
1381/07/12,145
1381/07/13,146
1381/07/14,118
1381/07/15,128
1381/07/16,149
1381/07/17,135
1381/07/18,168
1381/07/19,167
1381/07/20,134
1381/07/21,140
1381/07/22,138
1381/07/23,134
1381/07/24,103
1381/07/25,128
1381/07/26,133
1381/07/27,127
1381/07/28,101
1381/07/29,160
1381/07/30,77
1381/08/01,112
1381/08/02,120
1381/08/03,157
1381/08/04,175
1381/08/05,139
1381/08/06,114
1381/08/07,121
1381/08/08,84
1381/08/09,98
1381/08/10,120
1381/08/11,102
1381/08/12,91
1381/08/13,106
1381/08/14,149
1381/08/15,134
1381/08/16,97
1381/08/17,161
1381/08/18,93
1381/08/19,140
1381/08/20,127
1381/08/21,174
1381/08/22,95
1381/08/23,136
1381/08/24,94
1381/08/25,100
1381/08/26,75
1381/08/27,86
1381/08/28,112
1381/08/29,137
1381/08/30,120
1381/09/01,108
1381/09/02,135
1381/09/03,139
1381/09/04,147
1381/09/05,76
1381/09/06,109
1381/09/07,77
1381/09/08,91
1381/09/09,84
1381/09/10,76
1381/09/11,91
1381/09/12,55
1381/09/13,58
1381/09/14,69
1381/09/15,90
1381/09/16,93
1381/09/17,145
1381/09/18,128
1381/09/19,126
1381/09/20,98
1381/09/21,98
1381/09/22,69
1381/09/23,58
1381/09/24,72
1381/09/25,97
1381/09/26,109
1381/09/27,106
1381/09/28,70
1381/09/29,95
1381/09/30,72
1381/10/01,103
1381/10/02,58
1381/10/03,106
1381/10/04,82
1381/10/05,52
1381/10/06,55
1381/10/07,94
1381/10/08,78
1381/10/09,62
1381/10/10,124
1381/10/11,118
1381/10/12,125
1381/10/13,124
1381/10/14,115
1381/10/15,103
1381/10/16,70
1381/10/17,52
1381/10/18,92
1381/10/19,118
1381/10/20,103
1381/10/21,114
1381/10/22,122
1381/10/23,161
1381/10/24,129
1381/10/25,121
1381/10/26,71
1381/10/27,69
1381/10/28,56
1381/10/29,67
1381/10/30,60
1381/11/01,69
1381/11/02,64
1381/11/03,109
1381/11/04,128
1381/11/05,91
1381/11/06,70
1381/11/07,61
1381/11/08,74
1381/11/09,79
1381/11/10,72
1381/11/11,73
1381/11/12,134
1381/11/13,104
1381/11/14,148
1381/11/15,101
1381/11/16,73
1381/11/17,71
1381/11/18,82
1381/11/19,121
1381/11/20,116
1381/11/21,85
1381/11/22,76
1381/11/23,52
1381/11/24,75
1381/11/25,57
1381/11/26,61
1381/11/27,67
1381/11/28,64
1381/11/29,69
1381/11/30,66
1381/12/01,148
1381/12/02,73
1381/12/03,91
1381/12/04,101
1381/12/05,101
1381/12/06,78
1381/12/07,87
1381/12/08,68
1381/12/09,61
1381/12/10,63
1381/12/11,53
1381/12/12,73
1381/12/13,87
1381/12/14,135
1381/12/15,94
1381/12/16,82
1381/12/17,57
1381/12/18,76
1381/12/19,74
1381/12/20,68
1381/12/21,94
1381/12/22,93
1381/12/23,55
1381/12/24,57
1381/12/25,73
1381/12/26,65
1381/12/27,80
1381/12/28,63
1381/12/29,63
1382/01/01,37
1382/01/02,42
1382/01/03,35
1382/01/04,37
1382/01/05,41
1382/01/06,54
1382/01/07,90
1382/01/08,98
1382/01/09,49
1382/01/10,45
1382/01/11,37
1382/01/12,100
1382/01/13,55
1382/01/14,83
1382/01/15,86
1382/01/16,103
1382/01/17,127
1382/01/18,104
1382/01/19,92
1382/01/20,97
1382/01/21,119
1382/01/22,79
1382/01/23,54
1382/01/24,71
1382/01/25,82
1382/01/26,97
1382/01/27,76
1382/01/28,84
1382/01/29,86
1382/01/30,59
1382/01/31,75
1382/02/01,123
1382/02/02,82
1382/02/03,73
1382/02/04,52
1382/02/05,53
1382/02/06,87
1382/02/07,120
1382/02/08,95
1382/02/09,88
1382/02/10,58
1382/02/11,50
1382/02/12,54
1382/02/13,63
1382/02/14,80
1382/02/15,83
1382/02/16,98
1382/02/17,92
1382/02/18,64
1382/02/19,70
1382/02/20,113
1382/02/21,100
1382/02/22,86
1382/02/23,66
1382/02/24,86
1382/02/25,71
1382/02/26,62
1382/02/27,54
1382/02/28,89
1382/02/29,61
1382/02/30,67
1382/02/31,76
1382/03/01,79
1382/03/02,65
1382/03/03,60
1382/03/04,55
1382/03/05,63
1382/03/06,96
1382/03/07,67
1382/03/08,75
1382/03/09,110
1382/03/10,74
1382/03/11,129
1382/03/12,88
1382/03/13,95
1382/03/14,91
1382/03/15,71
1382/03/16,59
1382/03/17,56
1382/03/18,76
1382/03/19,96
1382/03/20,97
1382/03/21,107
1382/03/22,84
1382/03/23,112
1382/03/24,107
1382/03/25,110
1382/03/26,83
1382/03/27,78
1382/03/28,105
1382/03/29,86
1382/03/30,84
1382/03/31,83
1382/04/01,98
1382/04/02,89
1382/04/03,106
1382/04/04,127
1382/04/05,96
1382/04/06,103
1382/04/07,124
1382/04/08,122
1382/04/09,102
1382/04/10,99
1382/04/11,108
1382/04/12,147
1382/04/13,165
1382/04/14,114
1382/04/15,103
1382/04/16,130
1382/04/17,128
1382/04/18,119
1382/04/19,144
1382/04/20,172
1382/04/21,161
1382/04/22,156
1382/04/23,108
1382/04/24,112
1382/04/25,99
1382/04/26,104
1382/04/27,75
1382/04/28,93
1382/04/29,130
1382/04/30,126
1382/04/31,107
1382/05/01,80
1382/05/02,87
1382/05/03,93
1382/05/04,95
1382/05/05,115
1382/05/06,135
1382/05/07,99
1382/05/08,133
1382/05/09,131
1382/05/10,89
1382/05/11,98
1382/05/12,93
1382/05/13,103
1382/05/14,120
1382/05/15,139
1382/05/16,138
1382/05/17,124
1382/05/18,114
1382/05/19,145
1382/05/20,184
1382/05/21,198
1382/05/22,204
1382/05/23,182
1382/05/24,122
1382/05/25,95
1382/05/26,140
1382/05/27,122
1382/05/28,124
1382/05/29,107
1382/05/30,85
1382/05/31,83
1382/06/01,87
1382/06/02,124
1382/06/03,134
1382/06/04,138
1382/06/05,147
1382/06/06,110
1382/06/07,120
1382/06/08,185
1382/06/09,103
1382/06/10,147
1382/06/11,153
1382/06/12,171
1382/06/13,106
1382/06/14,119
1382/06/15,135
1382/06/16,188
1382/06/17,143
1382/06/18,149
1382/06/19,147
1382/06/20,116
1382/06/21,115
1382/06/22,135
1382/06/23,120
1382/06/24,128
1382/06/25,132
1382/06/26,101
1382/06/27,125
1382/06/28,139
1382/06/29,123
1382/06/30,100
1382/06/31,128
1382/07/01,87
1382/07/02,92
1382/07/03,105
1382/07/04,97
1382/07/05,79
1382/07/06,94
1382/07/07,126
1382/07/08,133
1382/07/09,148
1382/07/10,156
1382/07/11,123
1382/07/12,85
1382/07/13,99
1382/07/14,80
1382/07/15,104
1382/07/16,130
1382/07/17,117
1382/07/18,181
1382/07/19,130
1382/07/20,160
1382/07/21,146
1382/07/22,160
1382/07/23,169
1382/07/24,127
1382/07/25,149
1382/07/26,138
1382/07/27,71
1382/07/28,66
1382/07/29,170
1382/07/30,134
1382/08/01,125
1382/08/02,167
1382/08/03,134
1382/08/04,150
1382/08/05,135
1382/08/06,115
1382/08/07,109
1382/08/08,69
1382/08/09,125
1382/08/10,98
1382/08/11,101
1382/08/12,102
1382/08/13,82
1382/08/14,142
1382/08/15,140
1382/08/16,112
1382/08/17,75
1382/08/18,89
1382/08/19,97
1382/08/20,107
1382/08/21,90
1382/08/22,119
1382/08/23,137
1382/08/24,74
1382/08/25,69
1382/08/26,74
1382/08/27,75
1382/08/28,88
1382/08/29,78
1382/08/30,53
1382/09/01,52
1382/09/02,69
1382/09/03,81
1382/09/04,93
1382/09/05,114
1382/09/06,122
1382/09/07,69
1382/09/08,74
1382/09/09,78
1382/09/10,92
1382/09/11,93
1382/09/12,71
1382/09/13,60
1382/09/14,78
1382/09/15,58
1382/09/16,89
1382/09/17,69
1382/09/18,128
1382/09/19,117
1382/09/20,108
1382/09/21,72
1382/09/22,48
1382/09/23,84
1382/09/24,101
1382/09/25,106
1382/09/26,237
1382/09/27,177
1382/09/28,159
1382/09/29,147
1382/09/30,66
1382/10/01,95
1382/10/02,85
1382/10/03,85
1382/10/04,84
1382/10/05,77
1382/10/06,67
1382/10/07,123
1382/10/08,101
1382/10/09,78
1382/10/10,79
1382/10/11,87
1382/10/12,98
1382/10/13,100
1382/10/14,98
1382/10/15,170
1382/10/16,111
1382/10/17,93
1382/10/18,97
1382/10/19,98
1382/10/20,85
1382/10/21,91
1382/10/22,97
1382/10/23,91
1382/10/24,81
1382/10/25,85
1382/10/26,71
1382/10/27,90
1382/10/28,97
1382/10/29,92
1382/10/30,89
1382/11/01,93
1382/11/02,117
1382/11/03,114
1382/11/04,137
1382/11/05,108
1382/11/06,92
1382/11/07,81
1382/11/08,86
1382/11/09,78
1382/11/10,87
1382/11/11,100
1382/11/12,94
1382/11/13,103
1382/11/14,74
1382/11/15,87
1382/11/16,102
1382/11/17,77
1382/11/18,59
1382/11/19,63
1382/11/20,91
1382/11/21,124
1382/11/22,115
1382/11/23,54
1382/11/24,57
1382/11/25,69
1382/11/26,118
1382/11/27,85
1382/11/28,64
1382/11/29,70
1382/11/30,68
1382/12/01,74
1382/12/02,67
1382/12/03,78
1382/12/04,70
1382/12/05,50
1382/12/06,119
1382/12/07,89
1382/12/08,108
1382/12/09,89
1382/12/10,113
1382/12/11,121
1382/12/12,119
1382/12/13,59
1382/12/14,68
1382/12/15,101
1382/12/16,133
1382/12/17,135
1382/12/18,140
1382/12/19,113
1382/12/20,81
1382/12/21,130
1382/12/22,121
1382/12/23,132
1382/12/24,92
1382/12/25,114
1382/12/26,84
1382/12/27,109
1382/12/28,117
1382/12/29,84
1383/01/01,46
1383/01/02,71
1383/01/03,66
1383/01/04,89
1383/01/05,112
1383/01/06,85
1383/01/07,90
1383/01/08,88
1383/01/09,99
1383/01/10,73
1383/01/11,62
1383/01/12,60
1383/01/13,48
1383/01/14,29
1383/01/15,52
1383/01/16,57
1383/01/17,83
1383/01/18,63
1383/01/19,80
1383/01/20,75
1383/01/21,58
1383/01/22,58
1383/01/23,60
1383/01/24,73
1383/01/25,75
1383/01/26,66
1383/01/27,81
1383/01/28,67
1383/01/29,52
1383/01/30,70
1383/01/31,68
1383/02/01,35
1383/02/02,61
1383/02/03,83
1383/02/04,56
1383/02/05,45
1383/02/06,53
1383/02/07,60
1383/02/08,53
1383/02/09,59
1383/02/10,87
1383/02/11,67
1383/02/12,69
1383/02/13,62
1383/02/14,76
1383/02/15,65
1383/02/16,61
1383/02/17,68
1383/02/18,60
1383/02/19,67
1383/02/20,92
1383/02/21,87
1383/02/22,62
1383/02/23,87
1383/02/24,85
1383/02/25,58
1383/02/26,41
1383/02/27,50
1383/02/28,120
1383/02/29,69
1383/02/30,52
1383/02/31,82
1383/03/01,83
1383/03/02,44
1383/03/03,95
1383/03/04,57
1383/03/05,68
1383/03/06,59
1383/03/07,80
1383/03/08,57
1383/03/09,49
1383/03/10,52
1383/03/11,54
1383/03/12,59
1383/03/13,73
1383/03/14,55
1383/03/15,40
1383/03/16,67
1383/03/17,60
1383/03/18,81
1383/03/19,108
1383/03/20,89
1383/03/21,98
1383/03/22,82
1383/03/23,81
1383/03/24,69
1383/03/25,61
1383/03/26,72
1383/03/27,76
1383/03/28,109
1383/03/29,68
1383/03/30,61
1383/03/31,87
1383/04/01,96
1383/04/02,48
1383/04/03,39
1383/04/04,60
1383/04/05,86
1383/04/06,56
1383/04/07,52
1383/04/08,76
1383/04/09,90
1383/04/10,65
1383/04/11,75
1383/04/12,118
1383/04/13,104
1383/04/14,57
1383/04/15,63
1383/04/16,59
1383/04/17,44
1383/04/18,56
1383/04/19,69
1383/04/20,56
1383/04/21,52
1383/04/22,59
1383/04/23,45
1383/04/24,77
1383/04/25,60
1383/04/26,67
1383/04/27,93
1383/04/28,85
1383/04/29,63
1383/04/30,69
1383/04/31,77
1383/05/01,65
1383/05/02,46
1383/05/03,70
1383/05/04,110
1383/05/05,103
1383/05/06,126
1383/05/07,121
1383/05/08,102
1383/05/09,130
1383/05/10,128
1383/05/11,78
1383/05/12,53
1383/05/13,79
1383/05/14,76
1383/05/15,121
1383/05/16,119
1383/05/17,95
1383/05/18,92
1383/05/19,129
1383/05/20,123
1383/05/21,136
1383/05/22,121
1383/05/23,158
1383/05/24,95
1383/05/25,116
1383/05/26,108
1383/05/27,109
1383/05/28,70
1383/05/29,92
1383/05/30,101
1383/05/31,79
1383/06/01,67
1383/06/02,83
1383/06/03,126
1383/06/04,101
1383/06/05,98
1383/06/06,61
1383/06/07,68
1383/06/08,58
1383/06/09,116
1383/06/10,98
1383/06/11,85
1383/06/12,102
1383/06/13,126
1383/06/14,102
1383/06/15,85
1383/06/16,101
1383/06/17,129
1383/06/18,158
1383/06/19,142
1383/06/20,156
1383/06/21,117
1383/06/22,115
1383/06/23,112
1383/06/24,67
1383/06/25,77
1383/06/26,66
1383/06/27,57
1383/06/28,73
1383/06/29,105
1383/06/30,83
1383/06/31,72
1383/07/01,74
1383/07/02,111
1383/07/03,153
1383/07/04,110
1383/07/05,127
1383/07/06,147
1383/07/07,158
1383/07/08,131
1383/07/09,149
1383/07/10,167
1383/07/11,127
1383/07/12,148
1383/07/13,143
1383/07/14,116
1383/07/15,117
1383/07/16,81
1383/07/17,71
1383/07/18,61
1383/07/19,85
1383/07/20,153
1383/07/21,84
1383/07/22,121
1383/07/23,104
1383/07/24,83
1383/07/25,70
1383/07/26,71
1383/07/27,73
1383/07/28,90
1383/07/29,125
1383/07/30,119
1383/08/01,129
1383/08/02,71
1383/08/03,84
1383/08/04,128
1383/08/05,136
1383/08/06,136
1383/08/07,141
1383/08/08,168
1383/08/09,131
1383/08/10,139
1383/08/11,151
1383/08/12,145
1383/08/13,161
1383/08/14,68
1383/08/15,115
1383/08/16,91
1383/08/17,111
1383/08/18,68
1383/08/19,72
1383/08/20,73
1383/08/21,72
1383/08/22,115
1383/08/23,91
1383/08/24,72
1383/08/25,85
1383/08/26,95
1383/08/27,118
1383/08/28,78
1383/08/29,82
1383/08/30,95
1383/09/01,97
1383/09/02,116
1383/09/03,98
1383/09/04,59
1383/09/05,58
1383/09/06,111
1383/09/07,101
1383/09/08,91
1383/09/09,78
1383/09/10,80
1383/09/11,97
1383/09/12,117
1383/09/13,79
1383/09/14,81
1383/09/15,91
1383/09/16,101
1383/09/17,105
1383/09/18,74
1383/09/19,63
1383/09/20,70
1383/09/21,77
1383/09/22,95
1383/09/23,72
1383/09/24,76
1383/09/25,90
1383/09/26,65
1383/09/27,63
1383/09/28,57
1383/09/29,73
1383/09/30,92
1383/10/01,92
1383/10/02,68
1383/10/03,69
1383/10/04,67
1383/10/05,66
1383/10/06,57
1383/10/07,97
1383/10/08,51
1383/10/09,78
1383/10/10,127
1383/10/11,121
1383/10/12,168
1383/10/13,110
1383/10/14,77
1383/10/15,69
1383/10/16,63
1383/10/17,70
1383/10/18,69
1383/10/19,55
1383/10/20,57
1383/10/21,63
1383/10/22,59
1383/10/23,58
1383/10/24,70
1383/10/25,90
1383/10/26,61
1383/10/27,81
1383/10/28,98
1383/10/29,89
1383/10/30,69
1383/11/01,86
1383/11/02,88
1383/11/03,74
1383/11/04,63
1383/11/05,69
1383/11/06,54
1383/11/07,78
1383/11/08,78
1383/11/09,88
1383/11/10,80
1383/11/11,108
1383/11/12,115
1383/11/13,85
1383/11/14,117
1383/11/15,49
1383/11/16,59
1383/11/17,46
1383/11/18,65
1383/11/19,67
1383/11/20,71
1383/11/21,57
1383/11/22,66
1383/11/23,56
1383/11/24,49
1383/11/25,66
1383/11/26,67
1383/11/27,85
1383/11/28,93
1383/11/29,104
1383/11/30,95
1383/12/01,87
1383/12/02,118
1383/12/03,93
1383/12/04,91
1383/12/05,59
1383/12/06,60
1383/12/07,61
1383/12/08,68
1383/12/09,76
1383/12/10,86
1383/12/11,76
1383/12/12,64
1383/12/13,78
1383/12/14,82
1383/12/15,82
1383/12/16,72
1383/12/17,72
1383/12/18,69
1383/12/19,68
1383/12/20,65
1383/12/21,62
1383/12/22,76
1383/12/23,83
1383/12/24,97
1383/12/25,68
1383/12/26,63
1383/12/27,53
1383/12/28,46
1383/12/29,48
1383/12/30,52
1384/01/01,38
1384/01/02,62
1384/01/03,85
1384/01/04,40
1384/01/05,40
1384/01/06,37
1384/01/07,42
1384/01/08,48
1384/01/09,49
1384/01/10,45
1384/01/11,67
1384/01/12,55
1384/01/13,47
1384/01/14,53
1384/01/15,72
1384/01/16,110
1384/01/17,60
1384/01/18,43
1384/01/19,47
1384/01/20,48
1384/01/21,48
1384/01/22,54
1384/01/23,58
1384/01/24,49
1384/01/25,81
1384/01/26,96
1384/01/27,50
1384/01/28,62
1384/01/29,72
1384/01/30,80
1384/01/31,91
1384/02/01,67
1384/02/02,102
1384/02/03,87
1384/02/04,91
1384/02/05,98
1384/02/06,66
1384/02/07,55
1384/02/08,50
1384/02/09,55
1384/02/10,81
1384/02/11,62
1384/02/12,65
1384/02/13,69
1384/02/14,65
1384/02/15,58
1384/02/16,87
1384/02/17,74
1384/02/18,66
1384/02/19,87
1384/02/20,66
1384/02/21,65
1384/02/22,66
1384/02/23,66
1384/02/24,62
1384/02/25,71
1384/02/26,82
1384/02/27,70
1384/02/28,71
1384/02/29,62
1384/02/30,54
1384/02/31,55
1384/03/01,58
1384/03/02,63
1384/03/03,57
1384/03/04,54
1384/03/05,56
1384/03/06,57
1384/03/07,64
1384/03/08,60
1384/03/09,51
1384/03/10,52
1384/03/11,58
1384/03/12,65
1384/03/13,65
1384/03/14,69
1384/03/15,58
1384/03/16,58
1384/03/17,86
1384/03/18,84
1384/03/19,67
1384/03/20,51
1384/03/21,67
1384/03/22,79
1384/03/23,84
1384/03/24,81
1384/03/25,72
1384/03/26,108
1384/03/27,107
1384/03/28,96
1384/03/29,76
1384/03/30,104
1384/03/31,91
1384/04/01,119
1384/04/02,128
1384/04/03,103
1384/04/04,92
1384/04/05,98
1384/04/06,83
1384/04/07,87
1384/04/08,77
1384/04/09,81
1384/04/10,89
1384/04/11,63
1384/04/12,71
1384/04/13,86
1384/04/14,111
1384/04/15,70
1384/04/16,101
1384/04/17,108
1384/04/18,87
1384/04/19,116
1384/04/20,81
1384/04/21,82
1384/04/22,85
1384/04/23,95
1384/04/24,112
1384/04/25,86
1384/04/26,87
1384/04/27,94
1384/04/28,86
1384/04/29,100
1384/04/30,77
1384/04/31,80
1384/05/01,68
1384/05/02,61
1384/05/03,80
1384/05/04,112
1384/05/05,79
1384/05/06,88
1384/05/07,71
1384/05/08,64
1384/05/09,75
1384/05/10,63
1384/05/11,74
1384/05/12,75
1384/05/13,87
1384/05/14,111
1384/05/15,75
1384/05/16,107
1384/05/17,124
1384/05/18,123
1384/05/19,84
1384/05/20,71
1384/05/21,58
1384/05/22,52
1384/05/23,50
1384/05/24,57
1384/05/25,59
1384/05/26,76
1384/05/27,98
1384/05/28,116
1384/05/29,100
1384/05/30,110
1384/05/31,71
1384/06/01,117
1384/06/02,112
1384/06/03,114
1384/06/04,110
1384/06/05,91
1384/06/06,75
1384/06/07,117
1384/06/08,74
1384/06/09,61
1384/06/10,58
1384/06/11,81
1384/06/12,81
1384/06/13,107
1384/06/14,108
1384/06/15,113
1384/06/16,77
1384/06/17,77
1384/06/18,98
1384/06/19,99
1384/06/20,97
1384/06/21,133
1384/06/22,126
1384/06/23,112
1384/06/24,113
1384/06/25,122
1384/06/26,115
1384/06/27,103
1384/06/28,86
1384/06/29,86
1384/06/30,69
1384/06/31,114
1384/07/01,109
1384/07/02,105
1384/07/03,146
1384/07/04,129
1384/07/05,124
1384/07/06,100
1384/07/07,102
1384/07/08,95
1384/07/09,69
1384/07/10,77
1384/07/11,90
1384/07/12,81
1384/07/13,109
1384/07/14,117
1384/07/15,105
1384/07/16,65
1384/07/17,76
1384/07/18,114
1384/07/19,107
1384/07/20,108
1384/07/21,126
1384/07/22,111
1384/07/23,104
1384/07/24,102
1384/07/25,128
1384/07/26,115
1384/07/27,136
1384/07/28,136
1384/07/29,89
1384/07/30,68
1384/08/01,65
1384/08/02,66
1384/08/03,74
1384/08/04,82
1384/08/05,76
1384/08/06,89
1384/08/07,107
1384/08/08,83
1384/08/09,110
1384/08/10,128
1384/08/11,145
1384/08/12,127
1384/08/13,82
1384/08/14,109
1384/08/15,61
1384/08/16,88
1384/08/17,61
1384/08/18,62
1384/08/19,71
1384/08/20,56
1384/08/21,54
1384/08/22,71
1384/08/23,74
1384/08/24,77
1384/08/25,78
1384/08/26,71
1384/08/27,70
1384/08/28,77
1384/08/29,81
1384/08/30,87
1384/09/01,110
1384/09/02,120
1384/09/03,95
1384/09/04,87
1384/09/05,84
1384/09/06,101
1384/09/07,71
1384/09/08,82
1384/09/09,106
1384/09/10,124
1384/09/11,125
1384/09/12,114
1384/09/13,187
1384/09/14,139
1384/09/15,174
1384/09/16,190
1384/09/17,127
1384/09/18,139
1384/09/19,134
1384/09/20,110
1384/09/21,121
1384/09/22,102
1384/09/23,98
1384/09/24,104
1384/09/25,108
1384/09/26,72
1384/09/27,84
1384/09/28,107
1384/09/29,137
1384/09/30,119
1384/10/01,97
1384/10/02,105
1384/10/03,56
1384/10/04,86
1384/10/05,64
1384/10/06,50
1384/10/07,78
1384/10/08,65
1384/10/09,78
1384/10/10,66
1384/10/11,66
1384/10/12,64
1384/10/13,69
1384/10/14,60
1384/10/15,91
1384/10/16,93
1384/10/17,89
1384/10/18,86
1384/10/19,88
1384/10/20,76
1384/10/21,67
1384/10/22,59
1384/10/23,77
1384/10/24,52
1384/10/25,75
1384/10/26,63
1384/10/27,74
1384/10/28,70
1384/10/29,80
1384/10/30,62
1384/11/01,53
1384/11/02,63
1384/11/03,84
1384/11/04,110
1384/11/05,75
1384/11/06,97
1384/11/07,103
1384/11/08,69
1384/11/09,56
1384/11/10,69
1384/11/11,67
1384/11/12,58
1384/11/13,67
1384/11/14,72
1384/11/15,92
1384/11/16,70
1384/11/17,96
1384/11/18,96
1384/11/19,72
1384/11/20,43
1384/11/21,31
1384/11/22,90
1384/11/23,113
1384/11/24,94
1384/11/25,67
1384/11/26,52
1384/11/27,49
1384/11/28,46
1384/11/29,41
1384/11/30,68
1384/12/01,67
1384/12/02,63
1384/12/03,71
1384/12/04,58
1384/12/05,63
1384/12/06,87
1384/12/07,85
1384/12/08,62
1384/12/09,54
1384/12/10,78
1384/12/11,69
1384/12/12,70
1384/12/13,85
1384/12/14,55
1384/12/15,56
1384/12/16,80
1384/12/17,99
1384/12/18,69
1384/12/19,94
1384/12/20,75
1384/12/21,73
1384/12/22,67
1384/12/23,83
1384/12/24,131
1384/12/25,81
1384/12/26,61
1384/12/27,67
1384/12/28,78
1384/12/29,61
1385/01/01,55
1385/01/02,51
1385/01/03,40
1385/01/04,46
1385/01/05,70
1385/01/06,66
1385/01/07,49
1385/01/08,37
1385/01/09,41
1385/01/10,54
1385/01/11,53
1385/01/12,57
1385/01/13,81
1385/01/14,36
1385/01/15,61
1385/01/16,36
1385/01/17,47
1385/01/18,42
1385/01/19,46
1385/01/20,51
1385/01/21,66
1385/01/22,69
1385/01/23,61
1385/01/24,68
1385/01/25,83
1385/01/26,84
1385/01/27,106
1385/01/28,77
1385/01/29,93
1385/01/30,57
1385/01/31,108
1385/02/01,94
1385/02/02,79
1385/02/03,65
1385/02/04,73
1385/02/05,68
1385/02/06,61
1385/02/07,58
1385/02/08,58
1385/02/09,70
1385/02/10,50
1385/02/11,51
1385/02/12,87
1385/02/13,78
1385/02/14,68
1385/02/15,70
1385/02/16,71
1385/02/17,66
1385/02/18,76
1385/02/19,114
1385/02/20,92
1385/02/21,69
1385/02/22,105
1385/02/23,105
1385/02/24,70
1385/02/25,72
1385/02/26,80
1385/02/27,81
1385/02/28,58
1385/02/29,60
1385/02/30,74
1385/02/31,72
1385/03/01,64
1385/03/02,73
1385/03/03,52
1385/03/04,48
1385/03/05,52
1385/03/06,53
1385/03/07,65
1385/03/08,73
1385/03/09,71
1385/03/10,90
1385/03/11,87
1385/03/12,83
1385/03/13,63
1385/03/14,60
1385/03/15,63
1385/03/16,54
1385/03/17,65
1385/03/18,79
1385/03/19,100
1385/03/20,93
1385/03/21,92
1385/03/22,73
1385/03/23,69
1385/03/24,68
1385/03/25,90
1385/03/26,91
1385/03/27,81
1385/03/28,81
1385/03/29,102
1385/03/30,109
1385/03/31,118
1385/04/01,48
1385/04/02,45
1385/04/03,40
1385/04/04,46
1385/04/05,70
1385/04/06,66
1385/04/07,49
1385/04/08,99
1385/04/09,91
1385/04/10,69
1385/04/11,62
1385/04/12,54
1385/04/13,70
1385/04/14,85
1385/04/15,95
1385/04/16,72
1385/04/17,68
1385/04/18,86
1385/04/19,106
1385/04/20,87
1385/04/21,81
1385/04/22,65
1385/04/23,65
1385/04/24,75
1385/04/25,114
1385/04/26,102
1385/04/27,82
1385/04/28,71
1385/04/29,106
1385/04/30,90
1385/04/31,94
1385/05/01,95
1385/05/02,89
1385/05/03,81
1385/05/04,105
1385/05/05,75
1385/05/06,115
1385/05/07,73
1385/05/08,88
1385/05/09,102
1385/05/10,93
1385/05/11,97
1385/05/12,97
1385/05/13,105
1385/05/14,88
1385/05/15,85
1385/05/16,72
1385/05/17,104
1385/05/18,124
1385/05/19,95
1385/05/20,98
1385/05/21,90
1385/05/22,102
1385/05/23,92
1385/05/24,96
1385/05/25,63
1385/05/26,61
1385/05/27,58
1385/05/28,75
1385/05/29,85
1385/05/30,102
1385/05/31,117
1385/06/01,107
1385/06/02,126
1385/06/03,111
1385/06/04,90
1385/06/05,108
1385/06/06,135
1385/06/07,126
1385/06/08,133
1385/06/09,71
1385/06/10,82
1385/06/11,98
1385/06/12,97
1385/06/13,137
1385/06/14,123
1385/06/15,107
1385/06/16,105
1385/06/17,107
1385/06/18,111
1385/06/19,105
1385/06/20,119
1385/06/21,87
1385/06/22,86
1385/06/23,119
1385/06/24,111
1385/06/25,85
1385/06/26,70
1385/06/27,120
1385/06/28,67
1385/06/29,80
1385/06/30,104
1385/06/31,127
1385/07/01,106
1385/07/02,118
1385/07/03,145
1385/07/04,125
1385/07/05,97
1385/07/06,64
1385/07/07,68
1385/07/08,100
1385/07/09,113
1385/07/10,124
1385/07/11,107
1385/07/12,117
1385/07/13,80
1385/07/14,93
1385/07/15,80
1385/07/16,89
1385/07/17,77
1385/07/18,99
1385/07/19,91
1385/07/20,72
1385/07/21,78
1385/07/22,58
1385/07/23,67
1385/07/24,45
1385/07/25,62
1385/07/26,72
1385/07/27,112
1385/07/28,81
1385/07/29,55
1385/07/30,75
1385/08/01,78
1385/08/02,74
1385/08/03,71
1385/08/04,63
1385/08/05,53
1385/08/06,58
1385/08/07,118
1385/08/08,68
1385/08/09,106
1385/08/10,85
1385/08/11,111
1385/08/12,123
1385/08/13,129
1385/08/14,75
1385/08/15,125
1385/08/16,87
1385/08/17,76
1385/08/18,33
1385/08/19,42
1385/08/20,80
1385/08/21,114
1385/08/22,73
1385/08/23,70
1385/08/24,101
1385/08/25,54
1385/08/26,56
1385/08/27,88
1385/08/28,63
1385/08/29,52
1385/08/30,64
1385/09/01,69
1385/09/02,61
1385/09/03,82
1385/09/04,76
1385/09/05,84
1385/09/06,71
1385/09/07,80
1385/09/08,85
1385/09/09,81
1385/09/10,75
1385/09/11,59
1385/09/12,66
1385/09/13,75
1385/09/14,106
1385/09/15,103
1385/09/16,100
1385/09/17,61
1385/09/18,43
1385/09/19,88
1385/09/20,56
1385/09/21,54
1385/09/22,61
1385/09/23,50
1385/09/24,66
1385/09/25,51
1385/09/26,50
1385/09/27,71
1385/09/28,85
1385/09/29,115
1385/09/30,121
1385/10/01,93
1385/10/02,70
1385/10/03,83
1385/10/04,88
1385/10/05,94
1385/10/06,112
1385/10/07,70
1385/10/08,89
1385/10/09,102
1385/10/10,105
1385/10/11,83
1385/10/12,69
1385/10/13,63
1385/10/14,92
1385/10/15,105
1385/10/16,82
1385/10/17,83
1385/10/18,79
1385/10/19,85
1385/10/20,81
1385/10/21,75
1385/10/22,69
1385/10/23,47
1385/10/24,125
1385/10/25,68
1385/10/26,71
1385/10/27,74
1385/10/28,57
1385/10/29,75
1385/10/30,75
1385/11/01,114
1385/11/02,72
1385/11/03,84
1385/11/04,105
1385/11/05,119
1385/11/06,137
1385/11/07,144
1385/11/08,124
1385/11/09,90
1385/11/10,109
1385/11/11,59
1385/11/12,49
1385/11/13,43
1385/11/14,102
1385/11/15,58
1385/11/16,52
1385/11/17,70
1385/11/18,59
1385/11/19,51
1385/11/20,100
1385/11/21,84
1385/11/22,67
1385/11/23,84
1385/11/24,77
1385/11/25,64
1385/11/26,76
1385/11/27,65
1385/11/28,44
1385/11/29,56
1385/11/30,61
1385/12/01,61
1385/12/02,74
1385/12/03,91
1385/12/04,79
1385/12/05,77
1385/12/06,46
1385/12/07,66
1385/12/08,46
1385/12/09,67
1385/12/10,76
1385/12/11,58
1385/12/12,80
1385/12/13,71
1385/12/14,77
1385/12/15,68
1385/12/16,52
1385/12/17,78
1385/12/18,70
1385/12/19,45
1385/12/20,53
1385/12/21,64
1385/12/22,54
1385/12/23,67
1385/12/24,49
1385/12/25,48
1385/12/26,44
1385/12/27,50
1385/12/28,45
1385/12/29,46
1386/01/01,47
1386/01/02,43
1386/01/03,40
1386/01/04,71
1386/01/05,57
1386/01/06,63
1386/01/07,59
1386/01/08,79
1386/01/09,47
1386/01/10,55
1386/01/11,37
1386/01/12,40
1386/01/13,39
1386/01/14,39
1386/01/15,68
1386/01/16,51
1386/01/17,94
1386/01/18,88
1386/01/19,59
1386/01/20,51
1386/01/21,62
1386/01/22,54
1386/01/23,66
1386/01/24,65
1386/01/25,50
1386/01/26,54
1386/01/27,61
1386/01/28,61
1386/01/29,66
1386/01/30,73
1386/01/31,62
1386/02/01,51
1386/02/02,55
1386/02/03,61
1386/02/04,61
1386/02/05,53
1386/02/06,68
1386/02/07,77
1386/02/08,53
1386/02/09,77
1386/02/10,51
1386/02/11,68
1386/02/12,92
1386/02/13,62
1386/02/14,66
1386/02/15,84
1386/02/16,75
1386/02/17,57
1386/02/18,60
1386/02/19,55
1386/02/20,80
1386/02/21,95
1386/02/22,78
1386/02/23,65
1386/02/24,54
1386/02/25,61
1386/02/26,56
1386/02/27,63
1386/02/28,66
1386/02/29,64
1386/02/30,66
1386/02/31,60
1386/03/01,59
1386/03/02,74
1386/03/03,70
1386/03/04,70
1386/03/05,71
1386/03/06,73
1386/03/07,79
1386/03/08,65
1386/03/09,67
1386/03/10,57
1386/03/11,53
1386/03/12,80
1386/03/13,66
1386/03/14,55
1386/03/15,65
1386/03/16,60
1386/03/17,75
1386/03/18,74
1386/03/19,83
1386/03/20,85
1386/03/21,81
1386/03/22,61
1386/03/23,89
1386/03/24,97
1386/03/25,115
1386/03/26,91
1386/03/27,87
1386/03/28,84
1386/03/29,87
1386/03/30,82
1386/03/31,68
1386/04/01,83
1386/04/02,76
1386/04/03,77
1386/04/04,85
1386/04/05,86
1386/04/06,63
1386/04/07,64
1386/04/08,48
1386/04/09,47
1386/04/10,70
1386/04/11,64
1386/04/12,57
1386/04/13,66
1386/04/14,66
1386/04/15,97
1386/04/16,73
1386/04/17,83
1386/04/18,75
1386/04/19,57
1386/04/20,79
1386/04/21,68
1386/04/22,61
1386/04/23,76
1386/04/24,61
1386/04/25,53
1386/04/26,54
1386/04/27,66
1386/04/28,66
1386/04/29,62
1386/04/30,67
1386/04/31,65
1386/05/01,49
1386/05/02,52
1386/05/03,65
1386/05/04,55
1386/05/05,58
1386/05/06,60
1386/05/07,58
1386/05/08,76
1386/05/09,66
1386/05/10,69
1386/05/11,62
1386/05/12,65
1386/05/13,65
1386/05/14,46
1386/05/15,68
1386/05/16,78
1386/05/17,76
1386/05/18,66
1386/05/19,62
1386/05/20,63
1386/05/21,68
1386/05/22,86
1386/05/23,77
1386/05/24,85
1386/05/25,75
1386/05/26,80
1386/05/27,65
1386/05/28,68
1386/05/29,70
1386/05/30,70
1386/05/31,65
1386/06/01,61
1386/06/02,57
1386/06/03,58
1386/06/04,71
1386/06/05,74
1386/06/06,83
1386/06/07,84
1386/06/08,65
1386/06/09,78
1386/06/10,69
1386/06/11,62
1386/06/12,55
1386/06/13,55
1386/06/14,93
1386/06/15,82
1386/06/16,110
1386/06/17,70
1386/06/18,84
1386/06/19,88
1386/06/20,117
1386/06/21,75
1386/06/22,71
1386/06/23,62
1386/06/24,67
1386/06/25,65
1386/06/26,65
1386/06/27,72
1386/06/28,85
1386/06/29,61
1386/06/30,75
1386/06/31,61
1386/07/01,63
1386/07/02,87
1386/07/03,77
1386/07/04,71
1386/07/05,80
1386/07/06,91
1386/07/07,55
1386/07/08,59
1386/07/09,53
1386/07/10,47
1386/07/11,64
1386/07/12,66
1386/07/13,75
1386/07/14,79
1386/07/15,71
1386/07/16,50
1386/07/17,59
1386/07/18,59
1386/07/19,59
1386/07/20,58
1386/07/21,56
1386/07/22,57
1386/07/23,80
1386/07/24,84
1386/07/25,75
1386/07/26,94
1386/07/27,72
1386/07/28,53
1386/07/29,59
1386/07/30,57
1386/08/01,53
1386/08/02,56
1386/08/03,61
1386/08/04,77
1386/08/05,73
1386/08/06,78
1386/08/07,81
1386/08/08,83
1386/08/09,83
1386/08/10,90
1386/08/11,96
1386/08/12,74
1386/08/13,103
1386/08/14,79
1386/08/15,73
1386/08/16,88
1386/08/17,98
1386/08/18,88
1386/08/19,53
1386/08/20,69
1386/08/21,72
1386/08/22,64
1386/08/23,61
1386/08/24,77
1386/08/25,103
1386/08/26,81
1386/08/27,90
1386/08/28,87
1386/08/29,81
1386/08/30,65
1386/09/01,76
1386/09/02,45
1386/09/03,53
1386/09/04,67
1386/09/05,58
1386/09/06,64
1386/09/07,79
1386/09/08,90
1386/09/09,56
1386/09/10,58
1386/09/11,76
1386/09/12,54
1386/09/13,65
1386/09/14,73
1386/09/15,76
1386/09/16,72
1386/09/17,58
1386/09/18,65
1386/09/19,69
1386/09/20,69
1386/09/21,74
1386/09/22,79
1386/09/23,85
1386/09/24,80
1386/09/25,99
1386/09/26,71
1386/09/27,52
1386/09/28,61
1386/09/29,46
1386/09/30,47
1386/10/01,67
1386/10/02,61
1386/10/03,62
1386/10/04,47
1386/10/05,46
1386/10/06,54
1386/10/07,60
1386/10/08,66
1386/10/09,59
1386/10/10,58
1386/10/11,82
1386/10/12,83
1386/10/13,68
1386/10/14,73
1386/10/15,59
1386/10/16,48
1386/10/17,42
1386/10/18,51
1386/10/19,56
1386/10/20,68
1386/10/21,76
1386/10/22,60
1386/10/23,53
1386/10/24,55
1386/10/25,59
1386/10/26,78
1386/10/27,113
1386/10/28,99
1386/10/29,105
1386/10/30,77
1386/11/01,73
1386/11/02,89
1386/11/03,87
1386/11/04,87
1386/11/05,97
1386/11/06,84
1386/11/07,61
1386/11/08,67
1386/11/09,96
1386/11/10,102
1386/11/11,76
1386/11/12,63
1386/11/13,55
1386/11/14,71
1386/11/15,61
1386/11/16,74
1386/11/17,87
1386/11/18,106
1386/11/19,103
1386/11/20,101
1386/11/21,113
1386/11/22,94
1386/11/23,73
1386/11/24,69
1386/11/25,67
1386/11/26,62
1386/11/27,53
1386/11/28,85
1386/11/29,99
1386/11/30,93
1386/12/01,107
1386/12/02,134
1386/12/03,96
1386/12/04,87
1386/12/05,82
1386/12/06,92
1386/12/07,87
1386/12/08,63
1386/12/09,63
1386/12/10,65
1386/12/11,77
1386/12/12,61
1386/12/13,81
1386/12/14,80
1386/12/15,69
1386/12/16,68
1386/12/17,71
1386/12/18,67
1386/12/19,69
1386/12/20,68
1386/12/21,81
1386/12/22,88
1386/12/23,92
1386/12/24,80
1386/12/25,87
1386/12/26,113
1386/12/27,61
1386/12/28,77
1386/12/29,85
1387/01/01,90
1387/01/02,72
1387/01/03,57
1387/01/04,65
1387/01/05,103
1387/01/06,69
1387/01/07,69
1387/01/08,110
1387/01/09,91
1387/01/10,157
1387/01/11,111
1387/01/12,97
1387/01/13,98
1387/01/14,72
1387/01/15,62
1387/01/16,66
1387/01/17,65
1387/01/18,217
1387/01/19,81
1387/01/20,94
1387/01/21,51
1387/01/22,66
1387/01/23,68
1387/01/24,74
1387/01/25,76
1387/01/26,57
1387/01/27,63
1387/01/28,66
1387/01/29,78
1387/01/30,75
1387/01/31,86
1387/02/01,91
1387/02/02,79
1387/02/03,71
1387/02/04,67
1387/02/05,79
1387/02/06,86
1387/02/07,74
1387/02/08,58
1387/02/09,61
1387/02/10,60
1387/02/11,67
1387/02/12,105
1387/02/13,119
1387/02/14,110
1387/02/15,81
1387/02/16,77
1387/02/17,81
1387/02/18,80
1387/02/19,109
1387/02/20,66
1387/02/21,83
1387/02/22,67
1387/02/23,64
1387/02/24,54
1387/02/25,68
1387/02/26,59
1387/02/27,82
1387/02/28,81
1387/02/29,76
1387/02/30,85
1387/02/31,92
1387/03/01,87
1387/03/02,61
1387/03/03,88
1387/03/04,86
1387/03/05,111
1387/03/06,80
1387/03/07,114
1387/03/08,144
1387/03/09,97
1387/03/10,105
1387/03/11,84
1387/03/12,84
1387/03/13,103
1387/03/14,105
1387/03/15,86
1387/03/16,102
1387/03/17,110
1387/03/18,100
1387/03/19,77
1387/03/20,96
1387/03/21,116
1387/03/22,104
1387/03/23,117
1387/03/24,143
1387/03/25,107
1387/03/26,109
1387/03/27,90
1387/03/28,85
1387/03/29,101
1387/03/30,102
1387/03/31,82
1387/04/01,105
1387/04/02,95
1387/04/03,97
1387/04/04,112
1387/04/05,97
1387/04/06,93
1387/04/07,87
1387/04/08,76
1387/04/09,72
1387/04/10,106
1387/04/11,84
1387/04/12,73
1387/04/13,80
1387/04/14,79
1387/04/15,104
1387/04/16,95
1387/04/17,88
1387/04/18,99
1387/04/19,119
1387/04/20,103
1387/04/21,98
1387/04/22,84
1387/04/23,92
1387/04/24,84
1387/04/25,94
1387/04/26,123
1387/04/27,115
1387/04/28,145
1387/04/29,107
1387/04/30,98
1387/04/31,96
1387/05/01,79
1387/05/02,96
1387/05/03,67
1387/05/04,67
1387/05/05,90
1387/05/06,73
1387/05/07,82
1387/05/08,78
1387/05/09,69
1387/05/10,87
1387/05/11,76
1387/05/12,91
1387/05/13,94
1387/05/14,101
1387/05/15,96
1387/05/16,82
1387/05/17,76
1387/05/18,83
1387/05/19,74
1387/05/20,92
1387/05/21,112
1387/05/22,105
1387/05/23,99
1387/05/24,92
1387/05/25,95
1387/05/26,99
1387/05/27,80
1387/05/28,81
1387/05/29,105
1387/05/30,99
1387/05/31,70
1387/06/01,102
1387/06/02,78
1387/06/03,72
1387/06/04,70
1387/06/05,76
1387/06/06,80
1387/06/07,61
1387/06/08,64
1387/06/09,76
1387/06/10,77
1387/06/11,82
1387/06/12,78
1387/06/13,74
1387/06/14,68
1387/06/15,85
1387/06/16,78
1387/06/17,75
1387/06/18,71
1387/06/19,74
1387/06/20,90
1387/06/21,93
1387/06/22,128
1387/06/23,98
1387/06/24,101
1387/06/25,90
1387/06/26,68
1387/06/27,77
1387/06/28,69
1387/06/29,70
1387/06/30,71
1387/06/31,70
1387/07/01,57
1387/07/02,61
1387/07/03,79
1387/07/04,96
1387/07/05,82
1387/07/06,84
1387/07/07,88
1387/07/08,189
1387/07/09,78
1387/07/10,102
1387/07/11,72
1387/07/12,67
1387/07/13,78
1387/07/14,60
1387/07/15,74
1387/07/16,78
1387/07/17,71
1387/07/18,87
1387/07/19,73
1387/07/20,64
1387/07/21,67
1387/07/22,81
1387/07/23,101
1387/07/24,101
1387/07/25,91
1387/07/26,105
1387/07/27,80
1387/07/28,62
1387/07/29,73
1387/07/30,73
1387/08/01,68
1387/08/02,87
1387/08/03,66
1387/08/04,67
1387/08/05,65
1387/08/06,68
1387/08/07,74
1387/08/08,57
1387/08/09,53
1387/08/10,36
1387/08/11,39
1387/08/12,64
1387/08/13,45
1387/08/14,61
1387/08/15,89
1387/08/16,57
1387/08/17,89
1387/08/18,66
1387/08/19,62
1387/08/20,75
1387/08/21,44
1387/08/22,63
1387/08/23,63
1387/08/24,61
1387/08/25,50
1387/08/26,62
1387/08/27,69
1387/08/28,64
1387/08/29,75
1387/08/30,86
1387/09/01,100
1387/09/02,61
1387/09/03,66
1387/09/04,60
1387/09/05,67
1387/09/06,61
1387/09/07,59
1387/09/08,52
1387/09/09,43
1387/09/10,50
1387/09/11,57
1387/09/12,69
1387/09/13,85
1387/09/14,99
1387/09/15,89
1387/09/16,82
1387/09/17,107
1387/09/18,99
1387/09/19,101
1387/09/20,122
1387/09/21,113
1387/09/22,102
1387/09/23,61
1387/09/24,72
1387/09/25,80
1387/09/26,74
1387/09/27,55
1387/09/28,57
1387/09/29,57
1387/09/30,59
1387/10/01,88
1387/10/02,121
1387/10/03,136
1387/10/04,105
1387/10/05,121
1387/10/06,140
1387/10/07,85
1387/10/08,79
1387/10/09,70
1387/10/10,73
1387/10/11,80
1387/10/12,66
1387/10/13,68
1387/10/14,72
1387/10/15,76
1387/10/16,83
1387/10/17,102
1387/10/18,96
1387/10/19,80
1387/10/20,66
1387/10/21,64
1387/10/22,58
1387/10/23,62
1387/10/24,55
1387/10/25,72
1387/10/26,79
1387/10/27,91
1387/10/28,85
1387/10/29,85
1387/10/30,82
1387/11/01,67
1387/11/02,62
1387/11/03,53
1387/11/04,51
1387/11/05,53
1387/11/06,54
1387/11/07,62
1387/11/08,63
1387/11/09,61
1387/11/10,56
1387/11/11,71
1387/11/12,57
1387/11/13,58
1387/11/14,69
1387/11/15,50
1387/11/16,52
1387/11/17,45
1387/11/18,55
1387/11/19,56
1387/11/20,86
1387/11/21,75
1387/11/22,58
1387/11/23,60
1387/11/24,52
1387/11/25,75
1387/11/26,90
1387/11/27,77
1387/11/28,91
1387/11/29,74
1387/11/30,66
1387/12/01,56
1387/12/02,55
1387/12/03,46
1387/12/04,62
1387/12/05,146
1387/12/06,54
1387/12/07,56
1387/12/08,75
1387/12/09,70
1387/12/10,73
1387/12/11,68
1387/12/12,63
1387/12/13,47
1387/12/14,54
1387/12/15,49
1387/12/16,45
1387/12/17,60
1387/12/18,71
1387/12/19,90
1387/12/20,64
1387/12/21,91
1387/12/22,68
1387/12/23,93
1387/12/24,80
1387/12/25,105
1387/12/26,70
1387/12/27,67
1387/12/28,55
1387/12/29,54
1387/12/30,57
1388/01/01,71
1388/01/02,41
1388/01/03,52
1388/01/04,55
1388/01/05,59
1388/01/06,129
1388/01/07,69
1388/01/08,74
1388/01/09,70
1388/01/10,64
1388/01/11,71
1388/01/12,47
1388/01/13,58
1388/01/14,99
1388/01/15,79
1388/01/16,64
1388/01/17,62
1388/01/18,60
1388/01/19,57
1388/01/20,60
1388/01/21,59
1388/01/22,61
1388/01/23,60
1388/01/24,65
1388/01/25,58
1388/01/26,57
1388/01/27,47
1388/01/28,81
1388/01/29,178
1388/01/30,74
1388/01/31,49
1388/02/01,73
1388/02/02,70
1388/02/03,69
1388/02/04,82
1388/02/05,75
1388/02/06,82
1388/02/07,61
1388/02/08,59
1388/02/09,59
1388/02/10,47
1388/02/11,58
1388/02/12,59
1388/02/13,59
1388/02/14,82
1388/02/15,89
1388/02/16,70
1388/02/17,81
1388/02/18,113
1388/02/19,69
1388/02/20,78
1388/02/21,63
1388/02/22,63
1388/02/23,60
1388/02/24,68
1388/02/25,85
1388/02/26,67
1388/02/27,56
1388/02/28,51
1388/02/29,59
1388/02/30,74
1388/02/31,58
1388/03/01,65
1388/03/02,74
1388/03/03,93
1388/03/04,67
1388/03/05,82
1388/03/06,88
1388/03/07,75
1388/03/08,77
1388/03/09,64
1388/03/10,61
1388/03/11,62
1388/03/12,71
1388/03/13,65
1388/03/14,66
1388/03/15,91
1388/03/16,89
1388/03/17,63
1388/03/18,70
1388/03/19,66
1388/03/20,65
1388/03/21,75
1388/03/22,76
1388/03/23,92
1388/03/24,72
1388/03/25,73
1388/03/26,78
1388/03/27,66
1388/03/28,65
1388/03/29,54
1388/03/30,52
1388/03/31,72
1388/04/01,64
1388/04/02,58
1388/04/03,62
1388/04/04,68
1388/04/05,59
1388/04/06,69
1388/04/07,66
1388/04/08,80
1388/04/09,78
1388/04/10,94
1388/04/11,102
1388/04/12,88
1388/04/13,78
1388/04/14,85
1388/04/15,381
1388/04/16,247
1388/04/17,183
1388/04/18,162
1388/04/19,127
1388/04/20,116
1388/04/21,107
1388/04/22,103
1388/04/23,87
1388/04/24,63
1388/04/25,62
1388/04/26,76
1388/04/27,63
1388/04/28,61
1388/04/29,68
1388/04/30,76
1388/04/31,81
1388/05/01,77
1388/05/02,62
1388/05/03,81
1388/05/04,59
1388/05/05,90
1388/05/06,95
1388/05/07,111
1388/05/08,109
1388/05/09,109
1388/05/10,103
1388/05/11,119
1388/05/12,115
1388/05/13,97
1388/05/14,103
1388/05/15,75
1388/05/16,93
1388/05/17,87
1388/05/18,97
1388/05/19,83
1388/05/20,90
1388/05/21,102
1388/05/22,113
1388/05/23,104
1388/05/24,130
1388/05/25,107
1388/05/26,77
1388/05/27,90
1388/05/28,117
1388/05/29,104
1388/05/30,108
1388/05/31,90
1388/06/01,94
1388/06/02,98
1388/06/03,141
1388/06/04,103
1388/06/05,118
1388/06/06,108
1388/06/07,95
1388/06/08,87
1388/06/09,73
1388/06/10,72
1388/06/11,78
1388/06/12,80
1388/06/13,86
1388/06/14,105
1388/06/15,74
1388/06/16,67
1388/06/17,63
1388/06/18,72
1388/06/19,70
1388/06/20,63
1388/06/21,76
1388/06/22,79
1388/06/23,90
1388/06/24,108
1388/06/25,95
1388/06/26,67
1388/06/27,60
1388/06/28,93
1388/06/29,54
1388/06/30,57
1388/06/31,154
1388/07/01,84
1388/07/02,77
1388/07/03,51
1388/07/04,64
1388/07/05,71
1388/07/06,63
1388/07/07,70
1388/07/08,47
1388/07/09,71
1388/07/10,73
1388/07/11,73
1388/07/12,80
1388/07/13,81
1388/07/14,83
1388/07/15,97
1388/07/16,83
1388/07/17,55
1388/07/18,68
1388/07/19,63
1388/07/20,82
1388/07/21,81
1388/07/22,83
1388/07/23,80
1388/07/24,84
1388/07/25,73
1388/07/26,85
1388/07/27,81
1388/07/28,70
1388/07/29,74
1388/07/30,82
1388/08/01,84
1388/08/02,70
1388/08/03,68
1388/08/04,89
1388/08/05,64
1388/08/06,58
1388/08/07,59
1388/08/08,59
1388/08/09,48
1388/08/10,64
1388/08/11,65
1388/08/12,60
1388/08/13,67
1388/08/14,107
1388/08/15,108
1388/08/16,67
1388/08/17,75
1388/08/18,72
1388/08/19,87
1388/08/20,68
1388/08/21,74
1388/08/22,88
1388/08/23,76
1388/08/24,89
1388/08/25,80
1388/08/26,78
1388/08/27,59
1388/08/28,43
1388/08/29,44
1388/08/30,40
1388/09/01,45
1388/09/02,49
1388/09/03,52
1388/09/04,62
1388/09/05,46
1388/09/06,52
1388/09/07,46
1388/09/08,42
1388/09/09,52
1388/09/10,62
1388/09/11,62
1388/09/12,56
1388/09/13,56
1388/09/14,66
1388/09/15,59
1388/09/16,72
1388/09/17,48
1388/09/18,53
1388/09/19,46
1388/09/20,46
1388/09/21,54
1388/09/22,61
1388/09/23,59
1388/09/24,50
1388/09/25,58
1388/09/26,68
1388/09/27,51
1388/09/28,63
1388/09/29,55
1388/09/30,78
1388/10/01,73
1388/10/02,81
1388/10/03,63
1388/10/04,74
1388/10/05,49
1388/10/06,53
1388/10/07,78
1388/10/08,71
1388/10/09,66
1388/10/10,70
1388/10/11,45
1388/10/12,73
1388/10/13,65
1388/10/14,127
1388/10/15,91
1388/10/16,78
1388/10/17,54
1388/10/18,60
1388/10/19,70
1388/10/20,68
1388/10/21,70
1388/10/22,78
1388/10/23,96
1388/10/24,98
1388/10/25,71
1388/10/26,55
1388/10/27,89
1388/10/28,75
1388/10/29,69
1388/10/30,72
1388/11/01,56
1388/11/02,47
1388/11/03,62
1388/11/04,88
1388/11/05,60
1388/11/06,47
1388/11/07,42
1388/11/08,51
1388/11/09,69
1388/11/10,73
1388/11/11,76
1388/11/12,66
1388/11/13,85
1388/11/14,66
1388/11/15,49
1388/11/16,56
1388/11/17,45
1388/11/18,45
1388/11/19,49
1388/11/20,58
1388/11/21,61
1388/11/22,61
1388/11/23,57
1388/11/24,55
1388/11/25,52
1388/11/26,53
1388/11/27,69
1388/11/28,72
1388/11/29,77
1388/11/30,77
1388/12/01,45
1388/12/02,54
1388/12/03,66
1388/12/04,121
1388/12/05,150
1388/12/06,89
1388/12/07,53
1388/12/08,54
1388/12/09,63
1388/12/10,51
1388/12/11,47
1388/12/12,51
1388/12/13,49
1388/12/14,50
1388/12/15,58
1388/12/16,67
1388/12/17,55
1388/12/18,96
1388/12/19,81
1388/12/20,90
1388/12/21,105
1388/12/22,123
1388/12/23,88
1388/12/24,74
1388/12/25,92
1388/12/26,76
1388/12/27,102
1388/12/28,95
1388/12/29,72
1389/01/01,55
1389/01/02,43
1389/01/03,56
1389/01/04,58
1389/01/05,48
1389/01/06,58
1389/01/07,51
1389/01/08,42
1389/01/09,45
1389/01/10,52
1389/01/11,58
1389/01/12,55
1389/01/13,53
1389/01/14,74
1389/01/15,54
1389/01/16,93
1389/01/17,76
1389/01/18,65
1389/01/19,60
1389/01/20,51
1389/01/21,44
1389/01/22,113
1389/01/23,53
1389/01/24,113
1389/01/25,67
1389/01/26,55
1389/01/27,54
1389/01/28,63
1389/01/29,57
1389/01/30,55
1389/01/31,50
1389/02/01,45
1389/02/02,67
1389/02/03,71
1389/02/04,43
1389/02/05,57
1389/02/06,51
1389/02/07,57
1389/02/08,59
1389/02/09,59
1389/02/10,47
1389/02/11,64
1389/02/12,52
1389/02/13,50
1389/02/14,46
1389/02/15,51
1389/02/16,49
1389/02/17,54
1389/02/18,45
1389/02/19,52
1389/02/20,53
1389/02/21,52
1389/02/22,107
1389/02/23,81
1389/02/24,57
1389/02/25,57
1389/02/26,51
1389/02/27,56
1389/02/28,69
1389/02/29,108
1389/02/30,176
1389/02/31,128
1389/03/01,54
1389/03/02,52
1389/03/03,54
1389/03/04,112
1389/03/05,60
1389/03/06,85
1389/03/07,66
1389/03/08,62
1389/03/09,70
1389/03/10,86
1389/03/11,148
1389/03/12,77
1389/03/13,76
1389/03/14,88
1389/03/15,83
1389/03/16,90
1389/03/17,69
1389/03/18,75
1389/03/19,67
1389/03/20,76
1389/03/21,83
1389/03/22,81
1389/03/23,80
1389/03/24,88
1389/03/25,78
1389/03/26,73
1389/03/27,64
1389/03/28,66
1389/03/29,70
1389/03/30,65
1389/03/31,74
1389/04/01,71
1389/04/02,76
1389/04/03,80
1389/04/04,162
1389/04/05,82
1389/04/06,105
1389/04/07,86
1389/04/08,87
1389/04/09,65
1389/04/10,66
1389/04/11,89
1389/04/12,113
1389/04/13,102
1389/04/14,102
1389/04/15,103
1389/04/16,89
1389/04/17,67
1389/04/18,65
1389/04/19,69
1389/04/20,79
1389/04/21,86
1389/04/22,76
1389/04/23,70
1389/04/24,67
1389/04/25,220
1389/04/26,102
1389/04/27,98
1389/04/28,104
1389/04/29,112
1389/04/30,100
1389/04/31,71
1389/05/01,61
1389/05/02,81
1389/05/03,69
1389/05/04,77
1389/05/05,83
1389/05/06,92
1389/05/07,80
1389/05/08,94
1389/05/09,84
1389/05/10,74
1389/05/11,86
1389/05/12,65
1389/05/13,74
1389/05/14,67
1389/05/15,73
1389/05/16,94
1389/05/17,82
1389/05/18,74
1389/05/19,77
1389/05/20,77
1389/05/21,82
1389/05/22,82
1389/05/23,101
1389/05/24,76
1389/05/25,80
1389/05/26,80
1389/05/27,81
1389/05/28,65
1389/05/29,74
1389/05/30,63
1389/05/31,66
1389/06/01,80
1389/06/02,67
1389/06/03,74
1389/06/04,54
1389/06/05,55
1389/06/06,59
1389/06/07,68
1389/06/08,66
1389/06/09,66
1389/06/10,78
1389/06/11,72
1389/06/12,66
1389/06/13,80
1389/06/14,61
1389/06/15,78
1389/06/16,70
1389/06/17,80
1389/06/18,76
1389/06/19,71
1389/06/20,59
1389/06/21,69
1389/06/22,51
1389/06/23,61
1389/06/24,77
1389/06/25,93
1389/06/26,79
1389/06/27,54
1389/06/28,51
1389/06/29,51
1389/06/30,61
1389/06/31,56
1389/07/01,82
1389/07/02,83
1389/07/03,65
1389/07/04,70
1389/07/05,78
1389/07/06,77
1389/07/07,55
1389/07/08,63
1389/07/09,77
1389/07/10,137
1389/07/11,75
1389/07/12,85
1389/07/13,70
1389/07/14,86
1389/07/15,87
1389/07/16,72
1389/07/17,72
1389/07/18,71
1389/07/19,72
1389/07/20,62
1389/07/21,49
1389/07/22,72
1389/07/23,69
1389/07/24,84
1389/07/25,79
1389/07/26,82
1389/07/27,83
1389/07/28,88
1389/07/29,80
1389/07/30,89
1389/08/01,66
1389/08/02,59
1389/08/03,69
1389/08/04,74
1389/08/05,58
1389/08/06,54
1389/08/07,57
1389/08/08,69
1389/08/09,84
1389/08/10,70
1389/08/11,59
1389/08/12,65
1389/08/13,70
1389/08/14,108
1389/08/15,121
1389/08/16,128
1389/08/17,156
1389/08/18,121
1389/08/19,121
1389/08/20,103
1389/08/21,99
1389/08/22,112
1389/08/23,126
1389/08/24,136
1389/08/25,147
1389/08/26,97
1389/08/27,72
1389/08/28,74
1389/08/29,77
1389/08/30,136
1389/09/01,151
1389/09/02,154
1389/09/03,147
1389/09/04,150
1389/09/05,145
1389/09/06,155
1389/09/07,142
1389/09/08,177
1389/09/09,137
1389/09/10,137
1389/09/11,154
1389/09/12,155
1389/09/13,151
1389/09/14,138
1389/09/15,139
1389/09/16,150
1389/09/17,152
1389/09/18,141
1389/09/19,124
1389/09/20,157
1389/09/21,155
1389/09/22,113
1389/09/23,97
1389/09/24,108
1389/09/25,102
1389/09/26,91
1389/09/27,124
1389/09/28,154
1389/09/29,109
1389/09/30,149
1389/10/01,140
1389/10/02,133
1389/10/03,121
1389/10/04,126
1389/10/05,152
1389/10/06,153
1389/10/07,152
1389/10/08,147
1389/10/09,158
1389/10/10,168
1389/10/11,137
1389/10/12,113
1389/10/13,70
1389/10/14,117
1389/10/15,99
1389/10/16,108
1389/10/17,119
1389/10/18,118
1389/10/19,97
1389/10/20,66
1389/10/21,97
1389/10/22,60
1389/10/23,90
1389/10/24,96
1389/10/25,119
1389/10/26,56
1389/10/27,96
1389/10/28,141
1389/10/29,144
1389/10/30,164
1389/11/01,160
1389/11/02,151
1389/11/03,158
1389/11/04,164
1389/11/05,150
1389/11/06,142
1389/11/07,141
1389/11/08,124
1389/11/09,102
1389/11/10,67
1389/11/11,72
1389/11/12,68
1389/11/13,69
1389/11/14,51
1389/11/15,64
1389/11/16,82
1389/11/17,100
1389/11/18,117
1389/11/19,92
1389/11/20,103
1389/11/21,93
1389/11/22,93
1389/11/23,87
1389/11/24,86
1389/11/25,107
1389/11/26,108
1389/11/27,59
1389/11/28,65
1389/11/29,76
1389/11/30,68
1389/12/01,93
1389/12/02,86
1389/12/03,110
1389/12/04,79
1389/12/05,97
1389/12/06,106
1389/12/07,92
1389/12/08,67
1389/12/09,105
1389/12/10,95
1389/12/11,96
1389/12/12,94
1389/12/13,73
1389/12/14,58
1389/12/15,86
1389/12/16,101
1389/12/17,111
1389/12/18,100
1389/12/19,84
1389/12/20,98
1389/12/21,87
1389/12/22,78
1389/12/23,77
1389/12/24,76
1389/12/25,136
1389/12/26,126
1389/12/27,119
1389/12/28,88
1389/12/29,108
1390/01/01,93
1390/01/02,62
1390/01/03,64
1390/01/04,54
1390/01/05,86
1390/01/06,56
1390/01/07,58
1390/01/08,69
1390/01/09,55
1390/01/10,65
1390/01/11,52
1390/01/12,68
1390/01/13,66
1390/01/14,72
1390/01/15,66
1390/01/16,91
1390/01/17,80
1390/01/18,113
1390/01/19,136
1390/01/20,87
1390/01/21,83
1390/01/22,92
1390/01/23,101
1390/01/24,102
1390/01/25,278
1390/01/26,117
1390/01/27,117
1390/01/28,148
1390/01/29,135
1390/01/30,134
1390/01/31,129
1390/02/01,127
1390/02/02,141
1390/02/03,110
1390/02/04,112
1390/02/05,121
1390/02/06,105
1390/02/07,89
1390/02/08,79
1390/02/09,88
1390/02/10,92
1390/02/11,96
1390/02/12,101
1390/02/13,95
1390/02/14,87
1390/02/15,97
1390/02/16,81
1390/02/17,93
1390/02/18,127
1390/02/19,151
1390/02/20,107
1390/02/21,96
1390/02/22,149
1390/02/23,130
1390/02/24,104
1390/02/25,106
1390/02/26,111
1390/02/27,131
1390/02/28,110
1390/02/29,111
1390/02/30,106
1390/02/31,110
1390/03/01,134
1390/03/02,114
1390/03/03,125
1390/03/04,99
1390/03/05,89
1390/03/06,89
1390/03/07,91
1390/03/08,101
1390/03/09,107
1390/03/10,101
1390/03/11,108
1390/03/12,112
1390/03/13,103
1390/03/14,207
1390/03/15,180
1390/03/16,134
1390/03/17,163
1390/03/18,146
1390/03/19,115
1390/03/20,124
1390/03/21,105
1390/03/22,136
1390/03/23,214
1390/03/24,155
1390/03/25,149
1390/03/26,123
1390/03/27,112
1390/03/28,115
1390/03/29,99
1390/03/30,93
1390/03/31,90
1390/04/01,102
1390/04/02,114
1390/04/03,109
1390/04/04,95
1390/04/05,109
1390/04/06,125
1390/04/07,129
1390/04/08,145
1390/04/09,145
1390/04/10,125
1390/04/11,124
1390/04/12,128
1390/04/13,129
1390/04/14,137
1390/04/15,135
1390/04/16,143
1390/04/17,123
1390/04/18,111
1390/04/19,118
1390/04/20,112
1390/04/21,101
1390/04/22,113
1390/04/23,129
1390/04/24,115
1390/04/25,107
1390/04/26,92
1390/04/27,81
1390/04/28,102
1390/04/29,92
1390/04/30,105
1390/04/31,99
1390/05/01,88
1390/05/02,100
1390/05/03,87
1390/05/04,102
1390/05/05,98
1390/05/06,102
1390/05/07,99
1390/05/08,89
1390/05/09,104
1390/05/10,98
1390/05/11,92
1390/05/12,93
1390/05/13,106
1390/05/14,110
1390/05/15,105
1390/05/16,103
1390/05/17,116
1390/05/18,126
1390/05/19,109
1390/05/20,99
1390/05/21,93
1390/05/22,96
1390/05/23,110
1390/05/24,120
1390/05/25,119
1390/05/26,127
1390/05/27,121
1390/05/28,125
1390/05/29,130
1390/05/30,120
1390/05/31,122
1390/06/01,123
1390/06/02,124
1390/06/03,121
1390/06/04,120
1390/06/05,109
1390/06/06,99
1390/06/07,74
1390/06/08,70
1390/06/09,77
1390/06/10,77
1390/06/11,84
1390/06/12,70
1390/06/13,78
1390/06/14,101
1390/06/15,108
1390/06/16,96
1390/06/17,103
1390/06/18,105
1390/06/19,95
1390/06/20,94
1390/06/21,97
1390/06/22,94
1390/06/23,113
1390/06/24,120
1390/06/25,108
1390/06/26,109
1390/06/27,128
1390/06/28,117
1390/06/29,128
1390/06/30,106
1390/06/31,104
1390/07/01,116
1390/07/02,98
1390/07/03,109
1390/07/04,114
1390/07/05,146
1390/07/06,133
1390/07/07,107
1390/07/08,107
1390/07/09,141
1390/07/10,144
1390/07/11,107
1390/07/12,102
1390/07/13,108
1390/07/14,103
1390/07/15,112
1390/07/16,99
1390/07/17,97
1390/07/18,85
1390/07/19,110
1390/07/20,108
1390/07/21,115
1390/07/22,116
1390/07/23,107
1390/07/24,91
1390/07/25,114
1390/07/26,113
1390/07/27,119
1390/07/28,84
1390/07/29,92
1390/07/30,92
1390/08/01,82
1390/08/02,73
1390/08/03,89
1390/08/04,84
1390/08/05,54
1390/08/06,45
1390/08/07,39
1390/08/08,41
1390/08/09,49
1390/08/10,58
1390/08/11,55
1390/08/12,68
1390/08/13,71
1390/08/14,109
1390/08/15,96
1390/08/16,56
1390/08/17,43
1390/08/18,31
1390/08/19,46
1390/08/20,70
1390/08/21,114
1390/08/22,126
1390/08/23,108
1390/08/24,95
1390/08/25,110
1390/08/26,112
1390/08/27,91
1390/08/28,72
1390/08/29,92
1390/08/30,56
1390/09/01,79
1390/09/02,98
1390/09/03,101
1390/09/04,93
1390/09/05,66
1390/09/06,74
1390/09/07,81
1390/09/08,96
1390/09/09,101
1390/09/10,128
1390/09/11,102
1390/09/12,101
1390/09/13,128
1390/09/14,129
1390/09/15,102
1390/09/16,107
1390/09/17,124
1390/09/18,144
1390/09/19,142
1390/09/20,108
1390/09/21,109
1390/09/22,104
1390/09/23,107
1390/09/24,119
1390/09/25,138
1390/09/26,128
1390/09/27,133
1390/09/28,118
1390/09/29,131
1390/09/30,110
1390/10/01,122
1390/10/02,128
1390/10/03,135
1390/10/04,140
1390/10/05,118
1390/10/06,99
1390/10/07,97
1390/10/08,131
1390/10/09,141
1390/10/10,122
1390/10/11,107
1390/10/12,112
1390/10/13,132
1390/10/14,90
1390/10/15,102
1390/10/16,138
1390/10/17,108
1390/10/18,130
1390/10/19,133
1390/10/20,133
1390/10/21,117
1390/10/22,112
1390/10/23,103
1390/10/24,81
1390/10/25,74
1390/10/26,97
1390/10/27,115
1390/10/28,126
1390/10/29,141
1390/10/30,141
1390/11/01,82
1390/11/02,67
1390/11/03,106
1390/11/04,128
1390/11/05,73
1390/11/06,108
1390/11/07,101
1390/11/08,104
1390/11/09,86
1390/11/10,81
1390/11/11,101
1390/11/12,81
1390/11/13,78
1390/11/14,59
1390/11/15,74
1390/11/16,87
1390/11/17,113
1390/11/18,123
1390/11/19,131
1390/11/20,146
1390/11/21,118
1390/11/22,119
1390/11/23,74
1390/11/24,101
1390/11/25,117
1390/11/26,102
1390/11/27,99
1390/11/28,72
1390/11/29,71
1390/11/30,90
1390/12/01,148
1390/12/02,86
1390/12/03,88
1390/12/04,95
1390/12/05,94
1390/12/06,94
1390/12/07,96
1390/12/08,99
1390/12/09,109
1390/12/10,112
1390/12/11,124
1390/12/12,151
1390/12/13,108
1390/12/14,49
1390/12/15,59
1390/12/16,59
1390/12/17,84
1390/12/18,73
1390/12/19,80
1390/12/20,66
1390/12/21,68
1390/12/22,70
1390/12/23,112
1390/12/24,170
1390/12/25,173
1390/12/26,134
1390/12/27,85
1390/12/28,85
1390/12/29,87
1391/01/01,82
1391/01/02,74
1391/01/03,62
1391/01/04,57
1391/01/05,76
1391/01/06,63
1391/01/07,79
1391/01/08,75
1391/01/09,90
1391/01/10,79
1391/01/11,81
1391/01/12,67
1391/01/13,72
1391/01/14,71
1391/01/15,147
1391/01/16,110
1391/01/17,108
1391/01/18,104
1391/01/19,86
1391/01/20,77
1391/01/21,97
1391/01/22,108
1391/01/23,90
1391/01/24,80
1391/01/25,82
1391/01/26,67
1391/01/27,78
1391/01/28,69
1391/01/29,84
1391/01/30,83
1391/01/31,84
1391/02/01,95
1391/02/02,121
1391/02/03,182
1391/02/04,148
1391/02/05,112
1391/02/06,87
1391/02/07,59
1391/02/08,68
1391/02/09,69
1391/02/10,85
1391/02/11,87
1391/02/12,83
1391/02/13,78
1391/02/14,103
1391/02/15,114
1391/02/16,128
1391/02/17,111
1391/02/18,104
1391/02/19,93
1391/02/20,96
1391/02/21,92
1391/02/22,129
1391/02/23,109
1391/02/24,111
1391/02/25,115
1391/02/26,157
1391/02/27,192
1391/02/28,124
1391/02/29,116
1391/02/30,90
1391/02/31,98
1391/03/01,97
1391/03/02,99
1391/03/03,126
1391/03/04,124
1391/03/05,179
1391/03/06,201
1391/03/07,105
1391/03/08,121
1391/03/09,130
1391/03/10,98
1391/03/11,116
1391/03/12,127
1391/03/13,105
1391/03/14,106
1391/03/15,100
1391/03/16,117
1391/03/17,88
1391/03/18,91
1391/03/19,83
1391/03/20,91
1391/03/21,121
1391/03/22,109
1391/03/23,107
1391/03/24,88
1391/03/25,99
1391/03/26,91
1391/03/27,95
1391/03/28,95
1391/03/29,87
1391/03/30,98
1391/03/31,84
1391/04/01,70
1391/04/02,73
1391/04/03,91
1391/04/04,112
1391/04/05,107
1391/04/06,95
1391/04/07,105
1391/04/08,97
1391/04/09,72
1391/04/10,69
1391/04/11,81
1391/04/12,101
1391/04/13,88
1391/04/14,96
1391/04/15,91
1391/04/16,86
1391/04/17,89
1391/04/18,100
1391/04/19,97
1391/04/20,141
1391/04/21,145
1391/04/22,140
1391/04/23,143
1391/04/24,128
1391/04/25,115
1391/04/26,97
1391/04/27,74
1391/04/28,82
1391/04/29,106
1391/04/30,84
1391/04/31,91
1391/05/01,83
1391/05/02,94
1391/05/03,87
1391/05/04,84
1391/05/05,88
1391/05/06,85
1391/05/07,80
1391/05/08,87
1391/05/09,85
1391/05/10,103
1391/05/11,112
1391/05/12,107
1391/05/13,101
1391/05/14,113
1391/05/15,134
1391/05/16,137
1391/05/17,97
1391/05/18,85
1391/05/19,91
1391/05/20,86
1391/05/21,92
1391/05/22,103
1391/05/23,98
1391/05/24,93
1391/05/25,101
1391/05/26,92
1391/05/27,74
1391/05/28,76
1391/05/29,87
1391/05/30,76
1391/05/31,76
1391/06/01,98
1391/06/02,89
1391/06/03,84
1391/06/04,80
1391/06/05,84
1391/06/06,77
1391/06/07,86
1391/06/08,69
1391/06/09,79
1391/06/10,74
1391/06/11,69
1391/06/12,73
1391/06/13,82
1391/06/14,74
1391/06/15,96
1391/06/16,97
1391/06/17,97
1391/06/18,96
1391/06/19,94
1391/06/20,83
1391/06/21,91
1391/06/22,94
1391/06/23,91
1391/06/24,102
1391/06/25,101
1391/06/26,98
1391/06/27,97
1391/06/28,98
1391/06/29,105
1391/06/30,89
1391/06/31,80
1391/07/01,89
1391/07/02,105
1391/07/03,112
1391/07/04,106
1391/07/05,106
1391/07/06,103
1391/07/07,105
1391/07/08,95
1391/07/09,83
1391/07/10,83
1391/07/11,92
1391/07/12,85
1391/07/13,93
1391/07/14,93
1391/07/15,100
1391/07/16,110
1391/07/17,108
1391/07/18,127
1391/07/19,112
1391/07/20,105
1391/07/21,90
1391/07/22,83
1391/07/23,86
1391/07/24,86
1391/07/25,98
1391/07/26,109
1391/07/27,104
1391/07/28,93
1391/07/29,86
1391/07/30,84
1391/08/01,104
1391/08/02,104
1391/08/03,83
1391/08/04,82
1391/08/05,67
1391/08/06,75
1391/08/07,101
1391/08/08,95
1391/08/09,94
1391/08/10,95
1391/08/11,97
1391/08/12,102
1391/08/13,88
1391/08/14,86
1391/08/15,85
1391/08/16,92
1391/08/17,104
1391/08/18,113
1391/08/19,114
1391/08/20,118
1391/08/21,118
1391/08/22,94
1391/08/23,79
1391/08/24,50
1391/08/25,76
1391/08/26,70
1391/08/27,96
1391/08/28,116
1391/08/29,134
1391/08/30,91
1391/09/01,82
1391/09/02,88
1391/09/03,96
1391/09/04,60
1391/09/05,53
1391/09/06,69
1391/09/07,84
1391/09/08,106
1391/09/09,113
1391/09/10,115
1391/09/11,126
1391/09/12,155
1391/09/13,164
1391/09/14,164
1391/09/15,163
1391/09/16,117
1391/09/17,102
1391/09/18,87
1391/09/19,103
1391/09/20,130
1391/09/21,129
1391/09/22,66
1391/09/23,79
1391/09/24,70
1391/09/25,61
1391/09/26,82
1391/09/27,74
1391/09/28,92
1391/09/29,122
1391/09/30,157
1391/10/01,121
1391/10/02,94
1391/10/03,70
1391/10/04,104
1391/10/05,127
1391/10/06,141
1391/10/07,84
1391/10/08,107
1391/10/09,102
1391/10/10,141
1391/10/11,180
1391/10/12,127
1391/10/13,129
1391/10/14,150
1391/10/15,137
1391/10/16,128
1391/10/17,145
1391/10/18,134
1391/10/19,152
1391/10/20,131
1391/10/21,122
1391/10/22,71
1391/10/23,67
1391/10/24,112
1391/10/25,139
1391/10/26,131
1391/10/27,89
1391/10/28,101
1391/10/29,118
1391/10/30,112
1391/11/01,143
1391/11/02,130
1391/11/03,80
1391/11/04,128
1391/11/05,115
1391/11/06,100
1391/11/07,85
1391/11/08,88
1391/11/09,93
1391/11/10,75
1391/11/11,42
1391/11/12,71
1391/11/13,65
1391/11/14,48
1391/11/15,59
1391/11/16,75
1391/11/17,144
1391/11/18,151
1391/11/19,143
1391/11/20,116
1391/11/21,102
1391/11/22,106
1391/11/23,130
1391/11/24,100
1391/11/25,87
1391/11/26,59
1391/11/27,89
1391/11/28,106
1391/11/29,92
1391/11/30,82
1391/12/01,78
1391/12/02,92
1391/12/03,77
1391/12/04,67
1391/12/05,100
1391/12/06,97
1391/12/07,90
1391/12/08,83
1391/12/09,106
1391/12/10,101
1391/12/11,109
1391/12/12,104
1391/12/13,75
1391/12/14,83
1391/12/15,88
1391/12/16,70
1391/12/17,69
1391/12/18,75
1391/12/19,97
1391/12/20,113
1391/12/21,110
1391/12/22,116
1391/12/23,106
1391/12/24,131
1391/12/25,121
1391/12/26,94
1391/12/27,118
1391/12/28,101
1391/12/29,83
1391/12/30,83
1392/01/01,72
1392/01/02,52
1392/01/03,56
1392/01/04,68
1392/01/05,82
1392/01/06,48
1392/01/07,75
1392/01/08,68
1392/01/09,90
1392/01/10,62
1392/01/11,57
1392/01/12,68
1392/01/13,55
1392/01/14,52
1392/01/15,67
1392/01/16,87
1392/01/17,80
1392/01/18,80
1392/01/19,83
1392/01/20,92
1392/01/21,86
1392/01/22,78
1392/01/23,77
1392/01/24,65
1392/01/25,82
1392/01/26,85
1392/01/27,66
1392/01/28,62
1392/01/29,118
1392/01/30,88
1392/01/31,119
1392/02/01,77
1392/02/02,56
1392/02/03,52
1392/02/04,56
1392/02/05,51
1392/02/06,58
1392/02/07,69
1392/02/08,75
1392/02/09,84
1392/02/10,83
1392/02/11,77
1392/02/12,72
1392/02/13,66
1392/02/14,57
1392/02/15,67
1392/02/16,66
1392/02/17,66
1392/02/18,74
1392/02/19,77
1392/02/20,80
1392/02/21,68
1392/02/22,78
1392/02/23,89
1392/02/24,86
1392/02/25,110
1392/02/26,82
1392/02/27,78
1392/02/28,61
1392/02/29,55
1392/02/30,70
1392/02/31,65
1392/03/01,71
1392/03/02,75
1392/03/03,53
1392/03/04,49
1392/03/05,77
1392/03/06,72
1392/03/07,57
1392/03/08,102
1392/03/09,97
1392/03/10,70
1392/03/11,79
1392/03/12,121
1392/03/13,114
1392/03/14,96
1392/03/15,141
1392/03/16,136
1392/03/17,124
1392/03/18,88
1392/03/19,92
1392/03/20,111
1392/03/21,110
1392/03/22,121
1392/03/23,117
1392/03/24,102
1392/03/25,106
1392/03/26,95
1392/03/27,81
1392/03/28,78
1392/03/29,94
1392/03/30,108
1392/03/31,104
1392/04/01,100
1392/04/02,112
1392/04/03,118
1392/04/04,130
1392/04/05,89
1392/04/06,97
1392/04/07,94
1392/04/08,93
1392/04/09,84
1392/04/10,78
1392/04/11,82
1392/04/12,95
1392/04/13,91
1392/04/14,88
1392/04/15,102
1392/04/16,97
1392/04/17,90
1392/04/18,102
1392/04/19,93
1392/04/20,84
1392/04/21,79
1392/04/22,90
1392/04/23,100
1392/04/24,116
1392/04/25,112
1392/04/26,92
1392/04/27,92
1392/04/28,92
1392/04/29,94
1392/04/30,122
1392/04/31,114
1392/05/01,116
1392/05/02,117
1392/05/03,102
1392/05/04,106
1392/05/05,110
1392/05/06,114
1392/05/07,122
1392/05/08,110
1392/05/09,95
1392/05/10,105
1392/05/11,102
1392/05/12,110
1392/05/13,116
1392/05/14,120
1392/05/15,124
1392/05/16,116
1392/05/17,94
1392/05/18,91
1392/05/19,72
1392/05/20,72
1392/05/21,82
1392/05/22,78
1392/05/23,74
1392/05/24,69
1392/05/25,77
1392/05/26,86
1392/05/27,91
1392/05/28,85
1392/05/29,90
1392/05/30,96
1392/05/31,108
1392/06/01,115
1392/06/02,96
1392/06/03,108
1392/06/04,105
1392/06/05,95
1392/06/06,99
1392/06/07,97
1392/06/08,90
1392/06/09,83
1392/06/10,78
1392/06/11,89
1392/06/12,86
1392/06/13,95
1392/06/14,89
1392/06/15,103
1392/06/16,90
1392/06/17,102
1392/06/18,106
1392/06/19,102
1392/06/20,106
1392/06/21,98
1392/06/22,114
1392/06/23,108
1392/06/24,105
1392/06/25,103
1392/06/26,95
1392/06/27,110
1392/06/28,91
1392/06/29,91
1392/06/30,87
1392/06/31,106
1392/07/01,118
1392/07/02,106
1392/07/03,101
1392/07/04,87
1392/07/05,112
1392/07/06,81
1392/07/07,112
1392/07/08,110
1392/07/09,107
1392/07/10,121
1392/07/11,120
1392/07/12,159
1392/07/13,114
1392/07/14,119
1392/07/15,113
1392/07/16,170
1392/07/17,141
1392/07/18,99
1392/07/19,94
1392/07/20,105
1392/07/21,111
1392/07/22,107
1392/07/23,112
1392/07/24,90
1392/07/25,80
1392/07/26,90
1392/07/27,96
1392/07/28,129
1392/07/29,131
1392/07/30,132
1392/08/01,113
1392/08/02,113
1392/08/03,87
1392/08/04,88
1392/08/05,91
1392/08/06,85
1392/08/07,85
1392/08/08,96
1392/08/09,109
1392/08/10,120
1392/08/11,115
1392/08/12,64
1392/08/13,109
1392/08/14,94
1392/08/15,111
1392/08/16,127
1392/08/17,119
1392/08/18,148
1392/08/19,138
1392/08/20,97
1392/08/21,86
1392/08/22,68
1392/08/23,56
1392/08/24,56
1392/08/25,80
1392/08/26,75
1392/08/27,69
1392/08/28,77
1392/08/29,107
1392/08/30,112
1392/09/01,54
1392/09/02,65
1392/09/03,95
1392/09/04,123
1392/09/05,143
1392/09/06,157
1392/09/07,156
1392/09/08,88
1392/09/09,51
1392/09/10,73
1392/09/11,110
1392/09/12,138
1392/09/13,125
1392/09/14,81
1392/09/15,87
1392/09/16,106
1392/09/17,93
1392/09/18,76
1392/09/19,48
1392/09/20,87
1392/09/21,114
1392/09/22,70
1392/09/23,88
1392/09/24,69
1392/09/25,74
1392/09/26,100
1392/09/27,89
1392/09/28,72
1392/09/29,98
1392/09/30,115
1392/10/01,149
1392/10/02,151
1392/10/03,156
1392/10/04,155
1392/10/05,156
1392/10/06,147
1392/10/07,144
1392/10/08,165
1392/10/09,138
1392/10/10,120
1392/10/11,107
1392/10/12,113
1392/10/13,133
1392/10/14,130
1392/10/15,142
1392/10/16,149
1392/10/17,131
1392/10/18,139
1392/10/19,133
1392/10/20,138
1392/10/21,140
1392/10/22,152
1392/10/23,135
1392/10/24,102
1392/10/25,86
1392/10/26,110
1392/10/27,118
1392/10/28,121
1392/10/29,127
1392/10/30,116
1392/11/01,145
1392/11/02,137
1392/11/03,131
1392/11/04,109
1392/11/05,78
1392/11/06,87
1392/11/07,118
1392/11/08,92
1392/11/09,82
1392/11/10,63
1392/11/11,79
1392/11/12,68
1392/11/13,70
1392/11/14,67
1392/11/15,66
1392/11/16,63
1392/11/17,101
1392/11/18,131
1392/11/19,143
1392/11/20,136
1392/11/21,155
1392/11/22,155
1392/11/23,147
1392/11/24,97
1392/11/25,97
1392/11/26,115
1392/11/27,127
1392/11/28,88
1392/11/29,104
1392/11/30,102
1392/12/01,95
1392/12/02,95
1392/12/03,92
1392/12/04,108
1392/12/05,102
1392/12/06,103
1392/12/07,126
1392/12/08,111
1392/12/09,100
1392/12/10,80
1392/12/11,77
1392/12/12,110
1392/12/13,123
1392/12/14,105
1392/12/15,113
1392/12/16,116
1392/12/17,114
1392/12/18,122
1392/12/19,106
1392/12/20,73
1392/12/21,89
1392/12/22,80
1392/12/23,61
1392/12/24,60
1392/12/25,70
1392/12/26,56
1392/12/27,74
1392/12/28,118
1392/12/29,92
1393/01/01,62
1393/01/02,50
1393/01/03,51
1393/01/04,61
1393/01/05,59
1393/01/06,67
1393/01/07,69
1393/01/08,47
1393/01/09,42
1393/01/10,76
1393/01/11,40
1393/01/12,44
1393/01/13,51
1393/01/14,61
1393/01/15,55
1393/01/16,63
1393/01/17,56
1393/01/18,70
1393/01/19,83
1393/01/20,90
1393/01/21,79
1393/01/22,63
1393/01/23,56
1393/01/24,63
1393/01/25,62
1393/01/26,55
1393/01/27,45
1393/01/28,48
1393/01/29,62
1393/01/30,67
1393/01/31,75
1393/02/01,81
1393/02/02,71
1393/02/03,66
1393/02/04,73
1393/02/05,60
1393/02/06,65
1393/02/07,63
1393/02/08,78
1393/02/09,82
1393/02/10,66
1393/02/11,60
1393/02/12,73
1393/02/13,65
1393/02/14,58
1393/02/15,71
1393/02/16,65
1393/02/17,74
1393/02/18,74
1393/02/19,72
1393/02/20,69
1393/02/21,93
1393/02/22,78
1393/02/23,71
1393/02/24,66
1393/02/25,65
1393/02/26,67
1393/02/27,78
1393/02/28,69
1393/02/29,66
1393/02/30,55
1393/02/31,68
1393/03/01,82
1393/03/02,71
1393/03/03,65
1393/03/04,69
1393/03/05,74
1393/03/06,65
1393/03/07,65
1393/03/08,57
1393/03/09,70
1393/03/10,88
1393/03/11,75
1393/03/12,80
1393/03/13,100
1393/03/14,106
1393/03/15,95
1393/03/16,81
1393/03/17,97
1393/03/18,125
1393/03/19,122
1393/03/20,110
1393/03/21,102
1393/03/22,115
1393/03/23,109
1393/03/24,89
1393/03/25,93
1393/03/26,82
1393/03/27,80
1393/03/28,89
1393/03/29,89
1393/03/30,82
1393/03/31,84
1393/04/01,84
1393/04/02,76
1393/04/03,110
1393/04/04,127
1393/04/05,92
1393/04/06,102
1393/04/07,105
1393/04/08,97
1393/04/09,102
1393/04/10,190
1393/04/11,117
1393/04/12,117
1393/04/13,69
1393/04/14,70
1393/04/15,73
1393/04/16,76
1393/04/17,75
1393/04/18,89
1393/04/19,107
1393/04/20,105
1393/04/21,100
1393/04/22,99
1393/04/23,80
1393/04/24,77
1393/04/25,90
1393/04/26,92
1393/04/27,96
1393/04/28,87
1393/04/29,83
1393/04/30,115
1393/04/31,102
1393/05/01,128
1393/05/02,129
1393/05/03,120
1393/05/04,102
1393/05/05,83
1393/05/06,99
1393/05/07,151
1393/05/08,133
1393/05/09,101
1393/05/10,93
1393/05/11,88
1393/05/12,87
1393/05/13,83
1393/05/14,125
1393/05/15,106
1393/05/16,115
1393/05/17,129
1393/05/18,99
1393/05/19,95
1393/05/20,81
1393/05/21,102
1393/05/22,114
1393/05/23,127
1393/05/24,133
1393/05/25,103
1393/05/26,74
1393/05/27,93
1393/05/28,90
1393/05/29,96
1393/05/30,77
1393/05/31,77
1393/06/01,79
1393/06/02,85
1393/06/03,72
1393/06/04,83
1393/06/05,94
1393/06/06,90
1393/06/07,94
1393/06/08,85
1393/06/09,92
1393/06/10,96
1393/06/11,91
1393/06/12,90
1393/06/13,86
1393/06/14,83
1393/06/15,96
1393/06/16,99
1393/06/17,97
1393/06/18,97
1393/06/19,96
1393/06/20,102
1393/06/21,93
1393/06/22,77
1393/06/23,84
1393/06/24,79
1393/06/25,81
1393/06/26,98
1393/06/27,101
1393/06/28,105
1393/06/29,118
1393/06/30,133
1393/06/31,106
1393/07/01,105
1393/07/02,92
1393/07/03,94
1393/07/04,106
1393/07/05,96
1393/07/06,120
1393/07/07,111
1393/07/08,101
1393/07/09,111
1393/07/10,125
1393/07/11,146
1393/07/12,146
1393/07/13,100
1393/07/14,85
1393/07/15,91
1393/07/16,142
1393/07/17,114
1393/07/18,67
1393/07/19,82
1393/07/20,83
1393/07/21,76
1393/07/22,93
1393/07/23,99
1393/07/24,99
1393/07/25,65
1393/07/26,45
1393/07/27,46
1393/07/28,80
1393/07/29,95
1393/07/30,60
1393/08/01,106
1393/08/02,133
1393/08/03,82
1393/08/04,82
1393/08/05,88
1393/08/06,77
1393/08/07,71
1393/08/08,68
1393/08/09,76
1393/08/10,60
1393/08/11,72
1393/08/12,50
1393/08/13,41
1393/08/14,45
1393/08/15,57
1393/08/16,89
1393/08/17,80
1393/08/18,103
1393/08/19,116
1393/08/20,84
1393/08/21,97
1393/08/22,111
1393/08/23,124
1393/08/24,109
1393/08/25,142
1393/08/26,138
1393/08/27,117
1393/08/28,106
1393/08/29,107
1393/08/30,103
1393/09/01,89
1393/09/02,84
1393/09/03,69
1393/09/04,77
1393/09/05,55
1393/09/06,105
1393/09/07,69
1393/09/08,50
1393/09/09,73
1393/09/10,83
1393/09/11,98
1393/09/12,63
1393/09/13,70
1393/09/14,83
1393/09/15,94
1393/09/16,118
1393/09/17,84
1393/09/18,95
1393/09/19,128
1393/09/20,144
1393/09/21,100
1393/09/22,97
1393/09/23,124
1393/09/24,126
1393/09/25,105
1393/09/26,117
1393/09/27,104
1393/09/28,112
1393/09/29,134
1393/09/30,99
1393/10/01,97
1393/10/02,115
1393/10/03,93
1393/10/04,68
1393/10/05,102
1393/10/06,110
1393/10/07,152
1393/10/08,146
1393/10/09,122
1393/10/10,119
1393/10/11,132
1393/10/12,120
1393/10/13,101
1393/10/14,71
1393/10/15,68
1393/10/16,80
1393/10/17,113
1393/10/18,104
1393/10/19,95
1393/10/20,70
1393/10/21,87
1393/10/22,80
1393/10/23,110
1393/10/24,144
1393/10/25,145
1393/10/26,102
1393/10/27,99
1393/10/28,90
1393/10/29,72
1393/10/30,92
1393/11/01,135
1393/11/02,133
1393/11/03,116
1393/11/04,81
1393/11/05,87
1393/11/06,106
1393/11/07,112
1393/11/08,137
1393/11/09,124
1393/11/10,112
1393/11/11,68
1393/11/12,59
1393/11/13,89
1393/11/14,124
1393/11/15,129
1393/11/16,130
1393/11/17,61
1393/11/18,71
1393/11/19,97
1393/11/20,71
1393/11/21,128
1393/11/22,80
1393/11/23,65
1393/11/24,95
1393/11/25,106
1393/11/26,123
1393/11/27,98
1393/11/28,88
1393/11/29,115
1393/11/30,59
1393/12/01,72
1393/12/02,45
1393/12/03,70
1393/12/04,80
1393/12/05,86
1393/12/06,90
1393/12/07,90
1393/12/08,84
1393/12/09,97
1393/12/10,116
1393/12/11,99
1393/12/12,71
1393/12/13,53
1393/12/14,50
1393/12/15,48
1393/12/16,90
1393/12/17,118
1393/12/18,111
1393/12/19,157
1393/12/20,71
1393/12/21,126
1393/12/22,132
1393/12/23,106
1393/12/24,109
1393/12/25,59
1393/12/26,66
1393/12/27,103
1393/12/28,79
1393/12/29,65
1394/01/01,61
1394/01/02,51
1394/01/03,30
1394/01/04,30
1394/01/05,53
1394/01/06,33
1394/01/07,43
1394/01/08,61
1394/01/09,71
1394/01/10,55
1394/01/11,51
1394/01/12,30
1394/01/13,45
1394/01/14,48
1394/01/15,57
1394/01/16,41
1394/01/17,51
1394/01/18,61
1394/01/19,50
1394/01/20,59
1394/01/21,69
1394/01/22,70
1394/01/23,58
1394/01/24,84
1394/01/25,58
1394/01/26,43
1394/01/27,51
1394/01/28,109
1394/01/29,120
1394/01/30,101
1394/01/31,62
1394/02/01,69
1394/02/02,100
1394/02/03,131
1394/02/04,105
1394/02/05,109
1394/02/06,56
1394/02/07,63
1394/02/08,67
1394/02/09,85
1394/02/10,92
1394/02/11,120
1394/02/12,110
1394/02/13,91
1394/02/14,60
1394/02/15,51
1394/02/16,80
1394/02/17,76
1394/02/18,55
1394/02/19,60
1394/02/20,76
1394/02/21,67
1394/02/22,68
1394/02/23,82
1394/02/24,96
1394/02/25,114
1394/02/26,87
1394/02/27,58
1394/02/28,77
1394/02/29,65
1394/02/30,70
1394/02/31,104
1394/03/01,84
1394/03/02,70
1394/03/03,72
1394/03/04,83
1394/03/05,75
1394/03/06,74
1394/03/07,84
1394/03/08,98
1394/03/09,144
1394/03/10,90
1394/03/11,91
1394/03/12,100
1394/03/13,106
1394/03/14,91
1394/03/15,78
1394/03/16,78
1394/03/17,84
1394/03/18,162
1394/03/19,132
1394/03/20,120
1394/03/21,105
1394/03/22,95
1394/03/23,95
1394/03/24,140
1394/03/25,133
1394/03/26,146
1394/03/27,131
1394/03/28,102
1394/03/29,91
1394/03/30,78
1394/03/31,82
1394/04/01,107
1394/04/02,125
1394/04/03,112
1394/04/04,103
1394/04/05,85
1394/04/06,107
1394/04/07,127
1394/04/08,121
1394/04/09,124
1394/04/10,117
1394/04/11,107
1394/04/12,86
1394/04/13,83
1394/04/14,130
1394/04/15,103
1394/04/16,96
1394/04/17,88
1394/04/18,91
1394/04/19,77
1394/04/20,77
1394/04/21,77
1394/04/22,85
1394/04/23,85
1394/04/24,83
1394/04/25,85
1394/04/26,103
1394/04/27,114
1394/04/28,127
1394/04/29,111
1394/04/30,92
1394/04/31,80
1394/05/01,73
1394/05/02,79
1394/05/03,73
1394/05/04,71
1394/05/05,77
1394/05/06,71
1394/05/07,82
1394/05/08,76
1394/05/09,73
1394/05/10,75
1394/05/11,83
1394/05/12,75
1394/05/13,67
1394/05/14,77
1394/05/15,73
1394/05/16,73
1394/05/17,68
1394/05/18,91
1394/05/19,154
1394/05/20,80
1394/05/21,79
1394/05/22,84
1394/05/23,78
1394/05/24,72
1394/05/25,87
1394/05/26,72
1394/05/27,68
1394/05/28,81
1394/05/29,86
1394/05/30,79
1394/05/31,98
1394/06/01,114
1394/06/02,99
1394/06/03,99
1394/06/04,111
1394/06/05,93
1394/06/06,86
1394/06/07,80
1394/06/08,80
1394/06/09,79
1394/06/10,252
1394/06/11,93
1394/06/12,84
1394/06/13,85
1394/06/14,77
1394/06/15,83
1394/06/16,70
1394/06/17,95
1394/06/18,89
1394/06/19,83
1394/06/20,83
1394/06/21,84
1394/06/22,76
1394/06/23,65
1394/06/24,79
1394/06/25,84
1394/06/26,75
1394/06/27,74
1394/06/28,58
1394/06/29,65
1394/06/30,93
1394/06/31,99
1394/07/01,101
1394/07/02,90
1394/07/03,68
1394/07/04,66
1394/07/05,71
1394/07/06,66
1394/07/07,73
1394/07/08,70
1394/07/09,91
1394/07/10,84
1394/07/11,81
1394/07/12,95
1394/07/13,91
1394/07/14,85
1394/07/15,97
1394/07/16,107
1394/07/17,111
1394/07/18,72
1394/07/19,71
1394/07/20,78
1394/07/21,84
1394/07/22,94
1394/07/23,85
1394/07/24,66
1394/07/25,87
1394/07/26,59
1394/07/27,95
1394/07/28,114
1394/07/29,84
1394/07/30,81
1394/08/01,80
1394/08/02,78
1394/08/03,75
1394/08/04,116
1394/08/05,109
1394/08/06,75
1394/08/07,80
1394/08/08,74
1394/08/09,76
1394/08/10,61
1394/08/11,54
1394/08/12,52
1394/08/13,95
1394/08/14,125
1394/08/15,132
1394/08/16,146
1394/08/17,118
1394/08/18,109
1394/08/19,56
1394/08/20,49
1394/08/21,34
1394/08/22,59
1394/08/23,77
1394/08/24,64
1394/08/25,88
1394/08/26,111
1394/08/27,126
1394/08/28,77
1394/08/29,55
1394/08/30,62
1394/09/01,98
1394/09/02,130
1394/09/03,130
1394/09/04,124
1394/09/05,125
1394/09/06,134
1394/09/07,107
1394/09/08,126
1394/09/09,105
1394/09/10,82
1394/09/11,67
1394/09/12,41
1394/09/13,77
1394/09/14,42
1394/09/15,79
1394/09/16,73
1394/09/17,81
1394/09/18,138
1394/09/19,125
1394/09/20,98
1394/09/21,103
1394/09/22,143
1394/09/23,162
1394/09/24,143
1394/09/25,110
1394/09/26,125
1394/09/27,148
1394/09/28,142
1394/09/29,141
1394/09/30,134
1394/10/01,124
1394/10/02,139
1394/10/03,144
1394/10/04,132
1394/10/05,132
1394/10/06,137
1394/10/07,133
1394/10/08,157
1394/10/09,160
1394/10/10,113
1394/10/11,96
1394/10/12,58
1394/10/13,44
1394/10/14,43
1394/10/15,87
1394/10/16,71
1394/10/17,68
1394/10/18,107
1394/10/19,100
1394/10/20,53
1394/10/21,70
1394/10/22,110
1394/10/23,149
1394/10/24,127
1394/10/25,130
1394/10/26,119
1394/10/27,102
1394/10/28,118
1394/10/29,108
1394/10/30,114
1394/11/01,106
1394/11/02,95
1394/11/03,86
1394/11/04,45
1394/11/05,70
1394/11/06,40
1394/11/07,48
1394/11/08,56
1394/11/09,56
1394/11/10,83
1394/11/11,118
1394/11/12,97
1394/11/13,101
1394/11/14,106
1394/11/15,69
1394/11/16,105
1394/11/17,131
1394/11/18,144
1394/11/19,67
1394/11/20,59
1394/11/21,68
1394/11/22,76
1394/11/23,91
1394/11/24,120
1394/11/25,135
1394/11/26,127
1394/11/27,119
1394/11/28,79
1394/11/29,77
1394/11/30,99
1394/12/01,74
1394/12/02,89
1394/12/03,131
1394/12/04,111
1394/12/05,88
1394/12/06,54
1394/12/07,81
1394/12/08,101
1394/12/09,82
1394/12/10,79
1394/12/11,66
1394/12/12,83
1394/12/13,94
1394/12/14,100
1394/12/15,91
1394/12/16,118
1394/12/17,92
1394/12/18,58
1394/12/19,68
1394/12/20,83
1394/12/21,82
1394/12/22,63
1394/12/23,81
1394/12/24,68
1394/12/25,63
1394/12/26,148
1394/12/27,102
1394/12/28,40
1394/12/29,42
1395/01/01,35
1395/01/02,46
1395/01/03,79
1395/01/04,53
1395/01/05,44
1395/01/06,63
1395/01/07,70
1395/01/08,56
1395/01/09,49
1395/01/10,83
1395/01/11,35
1395/01/12,36
1395/01/13,44
1395/01/14,54
1395/01/15,53
1395/01/16,61
1395/01/17,59
1395/01/18,77
1395/01/19,85
1395/01/20,74
1395/01/21,60
1395/01/22,75
1395/01/23,73
1395/01/24,88
1395/01/25,71
1395/01/26,69
1395/01/27,69
1395/01/28,46
1395/01/29,37
1395/01/30,44
1395/01/31,67
1395/02/01,43
1395/02/02,60
1395/02/03,60
1395/02/04,62
1395/02/05,75
1395/02/06,71
1395/02/07,82
1395/02/08,97
1395/02/09,73
1395/02/10,75
1395/02/11,89
1395/02/12,64
1395/02/13,66
1395/02/14,75
1395/02/15,69
1395/02/16,85
1395/02/17,70
1395/02/18,66
1395/02/19,78
1395/02/20,77
1395/02/21,67
1395/02/22,56
1395/02/23,71
1395/02/24,61
1395/02/25,64
1395/02/26,78
1395/02/27,79
1395/02/28,84
1395/02/29,80
1395/02/30,83
1395/02/31,76
1395/03/01,77
1395/03/02,73
1395/03/03,72
1395/03/04,68
1395/03/05,75
1395/03/06,84
1395/03/07,84
1395/03/08,74
1395/03/09,70
1395/03/10,63
1395/03/11,58
1395/03/12,60
1395/03/13,63
1395/03/14,69
1395/03/15,67
1395/03/16,106
1395/03/17,118
1395/03/18,146
1395/03/19,94
1395/03/20,107
1395/03/21,116
1395/03/22,103
1395/03/23,87
1395/03/24,74
1395/03/25,68
1395/03/26,128
1395/03/27,92
1395/03/28,63
1395/03/29,100
1395/03/30,101
1395/03/31,104
1395/04/01,85
1395/04/02,86
1395/04/03,85
1395/04/04,86
1395/04/05,81
1395/04/06,90
1395/04/07,92
1395/04/08,88
1395/04/09,82
1395/04/10,93
1395/04/11,84
1395/04/12,87
1395/04/13,110
1395/04/14,114
1395/04/15,104
1395/04/16,96
1395/04/17,82
1395/04/18,91
1395/04/19,94
1395/04/20,102
1395/04/21,81
1395/04/22,97
1395/04/23,100
1395/04/24,101
1395/04/25,71
1395/04/26,73
1395/04/27,80
1395/04/28,77
1395/04/29,84
1395/04/30,94
1395/04/31,97
1395/05/01,100
1395/05/02,91
1395/05/03,83
1395/05/04,82
1395/05/05,109
1395/05/06,112
1395/05/07,108
1395/05/08,94
1395/05/09,91
1395/05/10,83
1395/05/11,89
1395/05/12,95
1395/05/13,87
1395/05/14,85
1395/05/15,82
1395/05/16,76
1395/05/17,82
1395/05/18,84
1395/05/19,82
1395/05/20,92
1395/05/21,90
1395/05/22,85
1395/05/23,85
1395/05/24,87
1395/05/25,95
1395/05/26,94
1395/05/27,83
1395/05/28,83
1395/05/29,85
1395/05/30,81
1395/05/31,93
1395/06/01,89
1395/06/02,87
1395/06/03,85
1395/06/04,93
1395/06/05,90
1395/06/06,88
1395/06/07,94
1395/06/08,99
1395/06/09,96
1395/06/10,98
1395/06/11,101
1395/06/12,92
1395/06/13,124
1395/06/14,107
1395/06/15,103
1395/06/16,85
1395/06/17,103
1395/06/18,123
1395/06/19,84
1395/06/20,78
1395/06/21,98
1395/06/22,94
1395/06/23,86
1395/06/24,86
1395/06/25,94
1395/06/26,89
1395/06/27,89
1395/06/28,88
1395/06/29,65
1395/06/30,80
1395/06/31,85
1395/07/01,84
1395/07/02,75
1395/07/03,82
1395/07/04,91
1395/07/05,80
1395/07/06,81
1395/07/07,110
1395/07/08,98
1395/07/09,122
1395/07/10,76
1395/07/11,76
1395/07/12,77
1395/07/13,95
1395/07/14,97
1395/07/15,94
1395/07/16,91
1395/07/17,92
1395/07/18,95
1395/07/19,83
1395/07/20,75
1395/07/21,71
1395/07/22,71
1395/07/23,87
1395/07/24,80
1395/07/25,96
1395/07/26,90
1395/07/27,97
1395/07/28,95
1395/07/29,96
1395/07/30,94
1395/08/01,80
1395/08/02,83
1395/08/03,85
1395/08/04,78
1395/08/05,65
1395/08/06,85
1395/08/07,110
1395/08/08,116
1395/08/09,116
1395/08/10,110
1395/08/11,89
1395/08/12,99
1395/08/13,69
1395/08/14,86
1395/08/15,106
1395/08/16,99
1395/08/17,66
1395/08/18,70
1395/08/19,107
1395/08/20,123
1395/08/21,120
1395/08/22,136
1395/08/23,156
1395/08/24,155
1395/08/25,146
1395/08/26,154
1395/08/27,140
1395/08/28,124
1395/08/29,102
1395/08/30,70
1395/09/01,50
1395/09/02,53
1395/09/03,54
1395/09/04,49
1395/09/05,70
1395/09/06,94
1395/09/07,126
1395/09/08,126
1395/09/09,139
1395/09/10,152
1395/09/11,151
1395/09/12,126
1395/09/13,75
1395/09/14,64
1395/09/15,99
1395/09/16,108
1395/09/17,83
1395/09/18,106
1395/09/19,72
1395/09/20,78
1395/09/21,131
1395/09/22,66
1395/09/23,103
1395/09/24,135
1395/09/25,122
1395/09/26,60
1395/09/27,49
1395/09/28,47
1395/09/29,65
1395/09/30,65
1395/10/01,100
1395/10/02,126
1395/10/03,153
1395/10/04,154
1395/10/05,143
1395/10/06,138
1395/10/07,142
1395/10/08,94
1395/10/09,93
1395/10/10,124
1395/10/11,141
1395/10/12,151
1395/10/13,142
1395/10/14,54
1395/10/15,74
1395/10/16,51
1395/10/17,93
1395/10/18,130
1395/10/19,142
1395/10/20,159
1395/10/21,124
1395/10/22,127
1395/10/23,135
1395/10/24,113
1395/10/25,110
1395/10/26,83
1395/10/27,119
1395/10/28,124
1395/10/29,125
1395/10/30,133
1395/11/01,131
1395/11/02,104
1395/11/03,96
1395/11/04,91
1395/11/05,88
1395/11/06,114
1395/11/07,90
1395/11/08,118
1395/11/09,67
1395/11/10,73
1395/11/11,55
1395/11/12,101
1395/11/13,103
1395/11/14,96
1395/11/15,51
1395/11/16,82
1395/11/17,126
1395/11/18,134
1395/11/19,82
1395/11/20,97
1395/11/21,100
1395/11/22,89
1395/11/23,85
1395/11/24,65
1395/11/25,82
1395/11/26,85
1395/11/27,91
1395/11/28,58
1395/11/29,58
1395/11/30,44
1395/12/01,76
1395/12/02,111
1395/12/03,134
1395/12/04,124
1395/12/05,86
1395/12/06,75
1395/12/07,89
1395/12/08,82
1395/12/09,78
1395/12/10,88
1395/12/11,83
1395/12/12,77
1395/12/13,71
1395/12/14,90
1395/12/15,86
1395/12/16,66
1395/12/17,86
1395/12/18,114
1395/12/19,93
1395/12/20,100
1395/12/21,101
1395/12/22,63
1395/12/23,93
1395/12/24,86
1395/12/25,110
1395/12/26,74
1395/12/27,72
1395/12/28,61
1395/12/29,56
1395/12/30,50
1396/01/01,52
1396/01/02,38
1396/01/03,39
1396/01/04,38
1396/01/05,39
1396/01/06,58
1396/01/07,67
1396/01/08,59
1396/01/09,49
1396/01/10,44
1396/01/11,49
1396/01/12,66
1396/01/13,55
1396/01/14,50
1396/01/15,54
1396/01/16,71
1396/01/17,67
1396/01/18,68
1396/01/19,72
1396/01/20,73
1396/01/21,92
1396/01/22,114
1396/01/23,85
1396/01/24,101
1396/01/25,103
1396/01/26,103
1396/01/27,56
1396/01/28,51
1396/01/29,65
1396/01/30,67
1396/01/31,47
1396/02/01,55
1396/02/02,62
1396/02/03,73
1396/02/04,68
1396/02/05,73
1396/02/06,75
1396/02/07,71
1396/02/08,51
1396/02/09,61
1396/02/10,54
1396/02/11,85
1396/02/12,92
1396/02/13,94
1396/02/14,75
1396/02/15,82
1396/02/16,62
1396/02/17,90
1396/02/18,68
1396/02/19,76
1396/02/20,61
1396/02/21,64
1396/02/22,68
1396/02/23,55
1396/02/24,82
1396/02/25,73
1396/02/26,103
1396/02/27,125
1396/02/28,77
1396/02/29,98
1396/02/30,75
1396/02/31,88
1396/03/01,88
1396/03/02,78
1396/03/03,69
1396/03/04,115
1396/03/05,88
1396/03/06,66
1396/03/07,124
1396/03/08,75
1396/03/09,85
1396/03/10,98
1396/03/11,81
1396/03/12,60
1396/03/13,67
1396/03/14,74
1396/03/15,67
1396/03/16,62
1396/03/17,60
1396/03/18,66
1396/03/19,85
1396/03/20,82
1396/03/21,85
1396/03/22,94
1396/03/23,74
1396/03/24,82
1396/03/25,91
1396/03/26,81
1396/03/27,76
1396/03/28,84
1396/03/29,100
1396/03/30,96
1396/03/31,108
1396/04/01,79
1396/04/02,73
1396/04/03,69
1396/04/04,91
1396/04/05,84
1396/04/06,89
1396/04/07,114
1396/04/08,128
1396/04/09,83
1396/04/10,93
1396/04/11,104
1396/04/12,84
1396/04/13,86
1396/04/14,94
1396/04/15,90
1396/04/16,81
1396/04/17,82
1396/04/18,101
1396/04/19,99
1396/04/20,96
1396/04/21,102
1396/04/22,89
1396/04/23,79
1396/04/24,91
1396/04/25,94
1396/04/26,86
1396/04/27,94
1396/04/28,83
1396/04/29,91
1396/04/30,98
1396/04/31,113
1396/05/01,99
1396/05/02,92
1396/05/03,70
1396/05/04,73
1396/05/05,77
1396/05/06,79
1396/05/07,74
1396/05/08,81
1396/05/09,84
1396/05/10,108
1396/05/11,94
1396/05/12,114
1396/05/13,99
1396/05/14,85
1396/05/15,85
1396/05/16,88
1396/05/17,89
1396/05/18,80
1396/05/19,105
1396/05/20,78
1396/05/21,88
1396/05/22,82
1396/05/23,101
1396/05/24,98
1396/05/25,93
1396/05/26,93
1396/05/27,98
1396/05/28,109
1396/05/29,94
1396/05/30,79
1396/05/31,80
1396/06/01,77
1396/06/02,81
1396/06/03,92
1396/06/04,94
1396/06/05,82
1396/06/06,80
1396/06/07,76
1396/06/08,82
1396/06/09,95
1396/06/10,114
1396/06/11,82
1396/06/12,85
1396/06/13,79
1396/06/14,82
1396/06/15,79
1396/06/16,84
1396/06/17,94
1396/06/18,97
1396/06/19,98
1396/06/20,94
1396/06/21,88
1396/06/22,98
1396/06/23,87
1396/06/24,86
1396/06/25,81
1396/06/26,91
1396/06/27,84
1396/06/28,85
1396/06/29,83
1396/06/30,84
1396/06/31,85
1396/07/01,86
1396/07/02,88
1396/07/03,74
1396/07/04,89
1396/07/05,99
1396/07/06,91
1396/07/07,89
1396/07/08,67
1396/07/09,49
1396/07/10,83
1396/07/11,70
1396/07/12,79
1396/07/13,70
1396/07/14,83
1396/07/15,91
1396/07/16,85
1396/07/17,80
1396/07/18,97
1396/07/19,82
1396/07/20,79
1396/07/21,92
1396/07/22,54
1396/07/23,87
1396/07/24,87
1396/07/25,81
1396/07/26,80
1396/07/27,87
1396/07/28,77
1396/07/29,80
1396/07/30,88
1396/08/01,106
1396/08/02,97
1396/08/03,102
1396/08/04,114
1396/08/05,121
1396/08/06,117
1396/08/07,120
1396/08/08,123
1396/08/09,115
1396/08/10,112
1396/08/11,110
1396/08/12,151
1396/08/13,130
1396/08/14,113
1396/08/15,117
1396/08/16,126
1396/08/17,115
1396/08/18,110
1396/08/19,92
1396/08/20,80
1396/08/21,97
1396/08/22,85
1396/08/23,99
1396/08/24,111
1396/08/25,113
1396/08/26,105
1396/08/27,101
1396/08/28,104
1396/08/29,112
1396/08/30,123
1396/09/01,78
1396/09/02,84
1396/09/03,49
1396/09/04,37
1396/09/05,60
1396/09/06,81
1396/09/07,104
1396/09/08,97
1396/09/09,120
1396/09/10,111
1396/09/11,90
1396/09/12,101
1396/09/13,118
1396/09/14,141
1396/09/15,144
1396/09/16,123
1396/09/17,77
1396/09/18,67
1396/09/19,114
1396/09/20,122
1396/09/21,101
1396/09/22,95
1396/09/23,112
1396/09/24,113
1396/09/25,112
1396/09/26,145
1396/09/27,146
1396/09/28,151
1396/09/29,158
1396/09/30,172
1396/10/01,115
1396/10/02,99
1396/10/03,105
1396/10/04,115
1396/10/05,72
1396/10/06,93
1396/10/07,87
1396/10/08,105
1396/10/09,115
1396/10/10,141
1396/10/11,152
1396/10/12,128
1396/10/13,65
1396/10/14,79
1396/10/15,129
1396/10/16,119
1396/10/17,107
1396/10/18,86
1396/10/19,107
1396/10/20,109
1396/10/21,131
1396/10/22,131
1396/10/23,132
1396/10/24,73
1396/10/25,101
1396/10/26,68
1396/10/27,90
1396/10/28,104
1396/10/29,100
1396/10/30,90
1396/11/01,83
1396/11/02,110
1396/11/03,138
1396/11/04,113
1396/11/05,104
1396/11/06,103
1396/11/07,81
1396/11/08,56
1396/11/09,52
1396/11/10,114
1396/11/11,136
1396/11/12,145
1396/11/13,139
1396/11/14,122
1396/11/15,144
1396/11/16,158
1396/11/17,177
1396/11/18,175
1396/11/19,115
1396/11/20,108
1396/11/21,114
1396/11/22,109
1396/11/23,112
1396/11/24,115
1396/11/25,87
1396/11/26,46
1396/11/27,104
1396/11/28,69
1396/11/29,114
1396/11/30,80
1396/12/01,73
1396/12/02,80
1396/12/03,102
1396/12/04,79
1396/12/05,65
1396/12/06,39
1396/12/07,65
1396/12/08,58
1396/12/09,90
1396/12/10,82
1396/12/11,66
1396/12/12,63
1396/12/13,67
1396/12/14,82
1396/12/15,90
1396/12/16,72
1396/12/17,111
1396/12/18,96
1396/12/19,88
1396/12/20,86
1396/12/21,114
1396/12/22,59
1396/12/23,143
1396/12/24,97
1396/12/25,87
1396/12/26,62
1396/12/27,62
1396/12/28,73
1396/12/29,98
1397/01/01,83
1397/01/02,73
1397/01/03,45
1397/01/04,103
1397/01/05,131
1397/01/06,92
1397/01/07,85
1397/01/08,87
1397/01/09,115
1397/01/10,104
1397/01/11,109
1397/01/12,56
1397/01/13,83
1397/01/14,85
1397/01/15,53
1397/01/16,49
1397/01/17,71
1397/01/18,67
1397/01/19,74
1397/01/20,79
1397/01/21,71
1397/01/22,44
1397/01/23,67
1397/01/24,78
1397/01/25,61
1397/01/26,51
1397/01/27,59
1397/01/28,61
1397/01/29,107
1397/01/30,91
1397/01/31,97
1397/02/01,75
1397/02/02,106
1397/02/03,94
1397/02/04,73
1397/02/05,73
1397/02/06,56
1397/02/07,64
1397/02/08,69
1397/02/09,111
1397/02/10,72
1397/02/11,75
1397/02/12,83
1397/02/13,71
1397/02/14,66
1397/02/15,58
1397/02/16,74
1397/02/17,81
1397/02/18,108
1397/02/19,83
1397/02/20,48
1397/02/21,51
1397/02/22,50
1397/02/23,94
1397/02/24,82
1397/02/25,65
1397/02/26,54
1397/02/27,47
1397/02/28,54
1397/02/29,81
1397/02/30,67
1397/02/31,91
1397/03/01,76
1397/03/02,62
1397/03/03,49
1397/03/04,61
1397/03/05,87
1397/03/06,118
1397/03/07,75
1397/03/08,86
1397/03/09,115
1397/03/10,73
1397/03/11,78
1397/03/12,79
1397/03/13,66
1397/03/14,50
1397/03/15,105
1397/03/16,58
1397/03/17,67
1397/03/18,61
1397/03/19,122
1397/03/20,73
1397/03/21,83
1397/03/22,85
1397/03/23,62
1397/03/24,64
1397/03/25,80
1397/03/26,117
1397/03/27,88
1397/03/28,83
1397/03/29,79
1397/03/30,77
1397/03/31,98
1397/04/01,108
1397/04/02,95
1397/04/03,90
1397/04/04,115
1397/04/05,93
1397/04/06,76
1397/04/07,92
1397/04/08,105
1397/04/09,82
1397/04/10,100
1397/04/11,150
1397/04/12,133
1397/04/13,65
1397/04/14,129
1397/04/15,117
1397/04/16,85
1397/04/17,100
1397/04/18,77
1397/04/19,77
1397/04/20,82
1397/04/21,83
1397/04/22,117
1397/04/23,101
1397/04/24,71
1397/04/25,81
1397/04/26,98
1397/04/27,84
1397/04/28,74
1397/04/29,76
1397/04/30,70
1397/04/31,76
1397/05/01,76
1397/05/02,94
1397/05/03,106
1397/05/04,89
1397/05/05,82
1397/05/06,74
1397/05/07,101
1397/05/08,101
1397/05/09,98
1397/05/10,81
1397/05/11,74
1397/05/12,67
1397/05/13,58
1397/05/14,65
1397/05/15,72
1397/05/16,82
1397/05/17,85
1397/05/18,75
1397/05/19,63
1397/05/20,80
1397/05/21,76
1397/05/22,83
1397/05/23,79
1397/05/24,79
1397/05/25,80
1397/05/26,69
1397/05/27,67
1397/05/28,78
1397/05/29,134
1397/05/30,88
1397/05/31,78
1397/06/01,69
1397/06/02,69
1397/06/03,71
1397/06/04,83
1397/06/05,68
1397/06/06,66
1397/06/07,84
1397/06/08,66
1397/06/09,68
1397/06/10,76
1397/06/11,81
1397/06/12,81
1397/06/13,74
1397/06/14,72
1397/06/15,80
1397/06/16,75
1397/06/17,76
1397/06/18,74
1397/06/19,94
1397/06/20,92
1397/06/21,80
1397/06/22,87
1397/06/23,96
1397/06/24,88
1397/06/25,91
1397/06/26,88
1397/06/27,79
1397/06/28,90
1397/06/29,86
1397/06/30,65
1397/06/31,54
1397/07/01,60
1397/07/02,88
1397/07/03,66
1397/07/04,68
1397/07/05,75
1397/07/06,55
1397/07/07,48
1397/07/08,60
1397/07/09,72
1397/07/10,73
1397/07/11,74
1397/07/12,83
1397/07/13,76
1397/07/14,69
1397/07/15,39
1397/07/16,65
1397/07/17,60
1397/07/18,87
1397/07/19,82
1397/07/20,76
1397/07/21,69
1397/07/22,81
1397/07/23,82
1397/07/24,75
1397/07/25,65
1397/07/26,80
1397/07/27,77
1397/07/28,72
1397/07/29,81
1397/07/30,81
1397/08/01,90
1397/08/02,69
1397/08/03,65
1397/08/04,84
1397/08/05,45
1397/08/06,50
1397/08/07,69
1397/08/08,81
1397/08/09,77
1397/08/10,61
1397/08/11,57
1397/08/12,50
1397/08/13,55
1397/08/14,62
1397/08/15,76
1397/08/16,59
1397/08/17,69
1397/08/18,84
1397/08/19,92
1397/08/20,105
1397/08/21,79
1397/08/22,47
1397/08/23,64
1397/08/24,54
1397/08/25,85
1397/08/26,98
1397/08/27,84
1397/08/28,111
1397/08/29,111
1397/08/30,120
1397/09/01,102
1397/09/02,66
1397/09/03,52
1397/09/04,54
1397/09/05,56
1397/09/06,51
1397/09/07,87
1397/09/08,110
1397/09/09,134
1397/09/10,103
1397/09/11,92
1397/09/12,98
1397/09/13,126
1397/09/14,139
1397/09/15,140
1397/09/16,79
1397/09/17,40
1397/09/18,52
1397/09/19,57
1397/09/20,73
1397/09/21,97
1397/09/22,77
1397/09/23,102
1397/09/24,80
1397/09/25,96
1397/09/26,116
1397/09/27,103
1397/09/28,63
1397/09/29,109
1397/09/30,69
1397/10/01,68
1397/10/02,79
1397/10/03,90
1397/10/04,98
1397/10/05,93
1397/10/06,127
1397/10/07,107
1397/10/08,50
1397/10/09,46
1397/10/10,91
1397/10/11,81
1397/10/12,74
1397/10/13,113
1397/10/14,73
1397/10/15,89
1397/10/16,126
1397/10/17,118
1397/10/18,79
1397/10/19,97
1397/10/20,64
1397/10/21,59
1397/10/22,81
1397/10/23,100
1397/10/24,105
1397/10/25,109
1397/10/26,62
1397/10/27,72
1397/10/28,42
1397/10/29,56
1397/10/30,88
1397/11/01,124
1397/11/02,112
1397/11/03,107
1397/11/04,128
1397/11/05,108
1397/11/06,86
1397/11/07,115
1397/11/08,107
1397/11/09,66
1397/11/10,42
1397/11/11,84
1397/11/12,73
1397/11/13,47
1397/11/14,50
1397/11/15,56
1397/11/16,50
1397/11/17,82
1397/11/18,99
1397/11/19,136
1397/11/20,139
1397/11/21,96
1397/11/22,61
1397/11/23,47
1397/11/24,54
1397/11/25,87
1397/11/26,116
1397/11/27,64
1397/11/28,33
1397/11/29,45
1397/11/30,54
1397/12/01,61
1397/12/02,80
1397/12/03,73
1397/12/04,64
1397/12/05,61
1397/12/06,76
1397/12/07,90
1397/12/08,71
1397/12/09,77
1397/12/10,47
1397/12/11,49
1397/12/12,56
1397/12/13,67
1397/12/14,58
1397/12/15,73
1397/12/16,68
1397/12/17,60
1397/12/18,38
1397/12/19,83
1397/12/20,91
1397/12/21,93
1397/12/22,82
1397/12/23,79
1397/12/24,57
1397/12/25,58
1397/12/26,81
1397/12/27,54
1397/12/28,51
1397/12/29,98
1398/01/01,45
1398/01/02,37
1398/01/03,63
1398/01/04,37
1398/01/05,42
1398/01/06,38
1398/01/07,33
1398/01/08,36
1398/01/09,36
1398/01/10,37
1398/01/11,38
1398/01/12,32
1398/01/13,40
1398/01/14,35
1398/01/15,36
1398/01/16,54
1398/01/17,59
1398/01/18,42
1398/01/19,48
1398/01/20,44
1398/01/21,49
1398/01/22,54
1398/01/23,53
1398/01/24,43
1398/01/25,44
1398/01/26,45
1398/01/27,61
1398/01/28,68
1398/01/29,79
1398/01/30,64
1398/01/31,57
1398/02/01,43
1398/02/02,52
1398/02/03,51
1398/02/04,49
1398/02/05,54
1398/02/06,54
1398/02/07,51
1398/02/08,52
1398/02/09,55
1398/02/10,71
1398/02/11,54
1398/02/12,80
1398/02/13,91
1398/02/14,87
1398/02/15,75
1398/02/16,83
1398/02/17,52
1398/02/18,77
1398/02/19,61
1398/02/20,59
1398/02/21,55
1398/02/22,54
1398/02/23,44
1398/02/24,47
1398/02/25,54
1398/02/26,52
1398/02/27,51
1398/02/28,67
1398/02/29,58
1398/02/30,72
1398/02/31,72
1398/03/01,68
1398/03/02,55
1398/03/03,97
1398/03/04,75
1398/03/05,79
1398/03/06,70
1398/03/07,76
1398/03/08,68
1398/03/09,67
1398/03/10,69
1398/03/11,77
1398/03/12,79
1398/03/13,108
1398/03/14,111
1398/03/15,104
1398/03/16,92
1398/03/17,78
1398/03/18,64
1398/03/19,83
1398/03/20,79
1398/03/21,114
1398/03/22,112
1398/03/23,70
1398/03/24,68
1398/03/25,102
1398/03/26,69
1398/03/27,73
1398/03/28,74
1398/03/29,120
1398/03/30,96
1398/03/31,85
1398/04/01,92
1398/04/02,119
1398/04/03,106
1398/04/04,79
1398/04/05,83
1398/04/06,114
1398/04/07,76
1398/04/08,92
1398/04/09,110
1398/04/10,160
1398/04/11,127
1398/04/12,97
1398/04/13,104
1398/04/14,134
1398/04/15,131
1398/04/16,95
1398/04/17,98
1398/04/18,113
1398/04/19,126
1398/04/20,92
1398/04/21,84
1398/04/22,86
1398/04/23,122
1398/04/24,110
1398/04/25,81
1398/04/26,73
1398/04/27,73
1398/04/28,74
1398/04/29,74
1398/04/30,80
1398/04/31,72
1398/05/01,64
1398/05/02,78
1398/05/03,79
1398/05/04,84
1398/05/05,82
1398/05/06,66
1398/05/07,90
1398/05/08,85
1398/05/09,97
1398/05/10,149
1398/05/11,140
1398/05/12,66
1398/05/13,91
1398/05/14,125
1398/05/15,139
1398/05/16,101
1398/05/17,99
1398/05/18,87
1398/05/19,79
1398/05/20,90
1398/05/21,86
1398/05/22,99
1398/05/23,77
1398/05/24,79
1398/05/25,88
1398/05/26,88
1398/05/27,63
1398/05/28,66
1398/05/29,83
1398/05/30,94
1398/05/31,95
1398/06/01,75
1398/06/02,67
1398/06/03,72
1398/06/04,80
1398/06/05,83
1398/06/06,75
1398/06/07,83
1398/06/08,80
1398/06/09,71
1398/06/10,64
1398/06/11,75
1398/06/12,84
1398/06/13,84
1398/06/14,74
1398/06/15,75
1398/06/16,70
1398/06/17,78
1398/06/18,84
1398/06/19,54
1398/06/20,51
1398/06/21,62
1398/06/22,58
1398/06/23,58
1398/06/24,66
1398/06/25,68
1398/06/26,66
1398/06/27,81
1398/06/28,91
1398/06/29,89
1398/06/30,90
1398/06/31,100
1398/07/01,137
1398/07/02,104
1398/07/03,85
1398/07/04,69
1398/07/05,100
1398/07/06,92
1398/07/07,94
1398/07/08,111
1398/07/09,82
1398/07/10,98
1398/07/11,85
1398/07/12,99
1398/07/13,84
1398/07/14,76
1398/07/15,80
1398/07/16,90
1398/07/17,86
1398/07/18,87
1398/07/19,79
1398/07/20,78
1398/07/21,85
1398/07/22,72
1398/07/23,73
1398/07/24,82
1398/07/25,81
1398/07/26,78
1398/07/27,70
1398/07/28,87
1398/07/29,83
1398/07/30,73
1398/08/01,67
1398/08/02,97
1398/08/03,84
1398/08/04,93
1398/08/05,84
1398/08/06,80
1398/08/07,54
1398/08/08,89
1398/08/09,68
1398/08/10,76
1398/08/11,86
1398/08/12,88
1398/08/13,73
1398/08/14,88
1398/08/15,122
1398/08/16,123
1398/08/17,125
1398/08/18,109
1398/08/19,101
1398/08/20,111
1398/08/21,133
1398/08/22,131
1398/08/23,144
1398/08/24,134
1398/08/25,57
1398/08/26,69
1398/08/27,77
1398/08/28,108
1398/08/29,84
1398/08/30,90
1398/09/01,97
1398/09/02,111
1398/09/03,112
1398/09/04,108
1398/09/05,106
1398/09/06,129
1398/09/07,150
1398/09/08,156
1398/09/09,143
1398/09/10,95
1398/09/11,136
1398/09/12,139
1398/09/13,69
1398/09/14,95
1398/09/15,123
1398/09/16,78
1398/09/17,71
1398/09/18,55
1398/09/19,66
1398/09/20,94
1398/09/21,76
1398/09/22,106
1398/09/23,122
1398/09/24,145
1398/09/25,157
1398/09/26,153
1398/09/27,82
1398/09/28,95
1398/09/29,109
1398/09/30,112
1398/10/01,139
1398/10/02,147
1398/10/03,141
1398/10/04,148
1398/10/05,156
1398/10/06,130
1398/10/07,110
1398/10/08,61
1398/10/09,80
1398/10/10,86
1398/10/11,102
1398/10/12,89
1398/10/13,95
1398/10/14,103
1398/10/15,69
1398/10/16,69
1398/10/17,100
1398/10/18,108
1398/10/19,108
1398/10/20,67
1398/10/21,94
1398/10/22,71
1398/10/23,93
1398/10/24,99
1398/10/25,107
1398/10/26,103
1398/10/27,119
1398/10/28,79
1398/10/29,107
1398/10/30,87
1398/11/01,118
1398/11/02,115
1398/11/03,68
1398/11/04,71
1398/11/05,94
1398/11/06,86
1398/11/07,118
1398/11/08,107
1398/11/09,133
1398/11/10,147
1398/11/11,93
1398/11/12,74
1398/11/13,45
1398/11/14,62
1398/11/15,102
1398/11/16,63
1398/11/17,63
1398/11/18,70
1398/11/19,73
1398/11/20,60
1398/11/21,69
1398/11/22,44
1398/11/23,52
1398/11/24,65
1398/11/25,64
1398/11/26,51
1398/11/27,59
1398/11/28,74
1398/11/29,109
1398/11/30,121
1398/12/01,80
1398/12/02,81
1398/12/03,89
1398/12/04,98
1398/12/05,79
1398/12/06,80
1398/12/07,30
1398/12/08,71
1398/12/09,116
1398/12/10,121
1398/12/11,136
1398/12/12,82
1398/12/13,43
1398/12/14,61
1398/12/15,81
1398/12/16,108
1398/12/17,100
1398/12/18,60
1398/12/19,70
1398/12/20,72
1398/12/21,66
1398/12/22,110
1398/12/23,86
1398/12/24,73
1398/12/25,63
1398/12/26,80
1398/12/27,64
1398/12/28,73
1398/12/29,68
1399/01/01,62
1399/01/02,47
1399/01/03,50
1399/01/04,48
1399/01/05,39
1399/01/06,57
1399/01/07,70
1399/01/08,49
1399/01/09,61
1399/01/10,49
1399/01/11,56
1399/01/12,41
1399/01/13,39
1399/01/14,49
1399/01/15,84
1399/01/16,66
1399/01/17,48
1399/01/18,47
1399/01/19,78
1399/01/20,50
1399/01/21,48
1399/01/22,43
1399/01/23,66
1399/01/24,64
1399/01/25,55
1399/01/26,56
1399/01/27,74
1399/01/28,78
1399/01/29,64
1399/01/30,63
1399/01/31,64
1399/02/01,72
1399/02/02,77
1399/02/03,69
1399/02/04,74
1399/02/05,64
1399/02/06,79
1399/02/07,81
1399/02/08,74
1399/02/09,59
1399/02/10,57
1399/02/11,54
1399/02/12,57
1399/02/13,64
1399/02/14,53
1399/02/15,70
1399/02/16,63
1399/02/17,88
1399/02/18,89
1399/02/19,43
1399/02/20,60
1399/02/21,84
1399/02/22,91
1399/02/23,64
1399/02/24,52
1399/02/25,63
1399/02/26,58
1399/02/27,83
1399/02/28,79
1399/02/29,80
1399/02/30,98
1399/02/31,70
1399/03/01,78
1399/03/02,149
1399/03/03,150
1399/03/04,75
1399/03/05,70
1399/03/06,73
1399/03/07,85
1399/03/08,73
1399/03/09,68
1399/03/10,75
1399/03/11,75
1399/03/12,84
1399/03/13,83
1399/03/14,88
1399/03/15,75
1399/03/16,70
1399/03/17,67
1399/03/18,73
1399/03/19,79
1399/03/20,104
1399/03/21,74
1399/03/22,70
1399/03/23,92
1399/03/24,85
1399/03/25,87
1399/03/26,104
1399/03/27,113
1399/03/28,86
1399/03/29,111
1399/03/30,81
1399/03/31,79
1399/04/01,80
1399/04/02,71
1399/04/03,84
1399/04/04,135
1399/04/05,140
1399/04/06,113
1399/04/07,131
1399/04/08,110
1399/04/09,91
1399/04/10,92
1399/04/11,149
1399/04/12,97
1399/04/13,116
1399/04/14,105
1399/04/15,139
1399/04/16,86
1399/04/17,84
1399/04/18,119
1399/04/19,115
1399/04/20,131
1399/04/21,133
1399/04/22,78
1399/04/23,76
1399/04/24,73
1399/04/25,117
1399/04/26,122
1399/04/27,122
1399/04/28,129
1399/04/29,161
1399/04/30,142
1399/04/31,114
1399/05/01,151
1399/05/02,103
1399/05/03,118
1399/05/04,88
1399/05/05,104
1399/05/06,91
1399/05/07,92
1399/05/08,92
1399/05/09,96
1399/05/10,129
1399/05/11,87
1399/05/12,70
1399/05/13,89
1399/05/14,120
1399/05/15,81
1399/05/16,80
1399/05/17,74
1399/05/18,113
1399/05/19,106
1399/05/20,81
1399/05/21,89
1399/05/22,89
1399/05/23,92
1399/05/24,125
1399/05/25,128
1399/05/26,103
1399/05/27,97
1399/05/28,79
1399/05/29,74
1399/05/30,83
1399/05/31,88
1399/06/01,80
1399/06/02,96
1399/06/03,82
1399/06/04,78
1399/06/05,71
1399/06/06,81
1399/06/07,72
1399/06/08,85
1399/06/09,114
1399/06/10,87
1399/06/11,76
1399/06/12,85
1399/06/13,87
1399/06/14,83
1399/06/15,72
1399/06/16,81
1399/06/17,95
1399/06/18,82
1399/06/19,97
1399/06/20,97
1399/06/21,93
1399/06/22,86
1399/06/23,79
1399/06/24,85
1399/06/25,81
1399/06/26,88
1399/06/27,86
1399/06/28,84
1399/06/29,80
1399/06/30,89
1399/06/31,84